datetime,AREX,WLL,cash,commission,total,returns,equity_curve,drawdown
2019-05-01 00:00:00,0.0,0.0,10000.0,0.0,10000.0,,,
2019-05-01 13:30:00,0.0,0.0,10000.0,0.0,10000.0,0.0,1.0,0.0
2019-05-01 13:33:00,0.0,0.0,10000.0,0.0,10000.0,0.0,1.0,0.0
2019-05-01 13:34:00,0.0,0.0,10000.0,0.0,10000.0,0.0,1.0,0.0
2019-05-01 13:35:00,0.0,0.0,10000.0,0.0,10000.0,0.0,1.0,0.0
2019-05-01 13:36:00,0.0,0.0,10000.0,0.0,10000.0,0.0,1.0,0.0
2019-05-01 13:38:00,0.0,0.0,10000.0,0.0,10000.0,0.0,1.0,0.0
2019-05-01 13:39:00,0.0,0.0,10000.0,0.0,10000.0,0.0,1.0,0.0
2019-05-01 13:40:00,0.0,0.0,10000.0,0.0,10000.0,0.0,1.0,0.0
2019-05-01 13:41:00,0.0,0.0,10000.0,0.0,10000.0,0.0,1.0,0.0
2019-05-01 13:42:00,0.0,0.0,10000.0,0.0,10000.0,0.0,1.0,0.0
2019-05-01 13:47:00,0.0,0.0,10000.0,0.0,10000.0,0.0,1.0,0.0
2019-05-01 13:51:00,0.0,0.0,10000.0,0.0,10000.0,0.0,1.0,0.0
2019-05-01 13:55:00,0.0,0.0,10000.0,0.0,10000.0,0.0,1.0,0.0
2019-05-01 13:56:00,0.0,0.0,10000.0,0.0,10000.0,0.0,1.0,0.0
2019-05-01 13:57:00,0.0,0.0,10000.0,0.0,10000.0,0.0,1.0,0.0
2019-05-01 13:58:00,0.0,0.0,10000.0,0.0,10000.0,0.0,1.0,0.0
2019-05-01 13:59:00,0.0,0.0,10000.0,0.0,10000.0,0.0,1.0,0.0
2019-05-01 14:00:00,0.0,0.0,10000.0,0.0,10000.0,0.0,1.0,0.0
2019-05-01 14:12:00,0.0,0.0,10000.0,0.0,10000.0,0.0,1.0,0.0
2019-05-01 14:18:00,0.0,0.0,10000.0,0.0,10000.0,0.0,1.0,0.0
2019-05-01 14:20:00,0.0,0.0,10000.0,0.0,10000.0,0.0,1.0,0.0
2019-05-01 14:21:00,0.0,0.0,10000.0,0.0,10000.0,0.0,1.0,0.0
2019-05-01 14:23:00,0.0,0.0,10000.0,0.0,10000.0,0.0,1.0,0.0
2019-05-01 14:24:00,0.0,0.0,10000.0,0.0,10000.0,0.0,1.0,0.0
2019-05-01 14:27:00,0.0,0.0,10000.0,0.0,10000.0,0.0,1.0,0.0
2019-05-01 14:31:00,0.0,0.0,10000.0,0.0,10000.0,0.0,1.0,0.0
2019-05-01 14:32:00,0.0,0.0,10000.0,0.0,10000.0,0.0,1.0,0.0
2019-05-01 14:33:00,0.0,0.0,10000.0,0.0,10000.0,0.0,1.0,0.0
2019-05-01 14:38:00,0.0,0.0,10000.0,0.0,10000.0,0.0,1.0,0.0
2019-05-01 14:39:00,0.0,0.0,10000.0,0.0,10000.0,0.0,1.0,0.0
2019-05-01 14:41:00,0.0,0.0,10000.0,0.0,10000.0,0.0,1.0,0.0
2019-05-01 14:42:00,0.0,0.0,10000.0,0.0,10000.0,0.0,1.0,0.0
2019-05-01 14:43:00,0.0,0.0,10000.0,0.0,10000.0,0.0,1.0,0.0
2019-05-01 14:44:00,0.0,0.0,10000.0,0.0,10000.0,0.0,1.0,0.0
2019-05-01 14:45:00,0.0,0.0,10000.0,0.0,10000.0,0.0,1.0,0.0
2019-05-01 14:46:00,0.0,0.0,10000.0,0.0,10000.0,0.0,1.0,0.0
2019-05-01 14:47:00,0.0,0.0,10000.0,0.0,10000.0,0.0,1.0,0.0
2019-05-01 14:48:00,0.0,0.0,10000.0,0.0,10000.0,0.0,1.0,0.0
2019-05-01 14:49:00,0.0,0.0,10000.0,0.0,10000.0,0.0,1.0,0.0
2019-05-01 14:51:00,0.0,0.0,10000.0,0.0,10000.0,0.0,1.0,0.0
2019-05-01 14:52:00,0.0,0.0,10000.0,0.0,10000.0,0.0,1.0,0.0
2019-05-01 14:54:00,0.0,0.0,10000.0,0.0,10000.0,0.0,1.0,0.0
2019-05-01 14:55:00,0.0,0.0,10000.0,0.0,10000.0,0.0,1.0,0.0
2019-05-01 14:56:00,0.0,0.0,10000.0,0.0,10000.0,0.0,1.0,0.0
2019-05-01 14:58:00,0.0,0.0,10000.0,0.0,10000.0,0.0,1.0,0.0
2019-05-01 14:59:00,0.0,0.0,10000.0,0.0,10000.0,0.0,1.0,0.0
2019-05-01 15:01:00,0.0,0.0,10000.0,0.0,10000.0,0.0,1.0,0.0
2019-05-01 15:02:00,0.0,0.0,10000.0,0.0,10000.0,0.0,1.0,0.0
2019-05-01 15:03:00,0.0,0.0,10000.0,0.0,10000.0,0.0,1.0,0.0
2019-05-01 15:04:00,0.0,0.0,10000.0,0.0,10000.0,0.0,1.0,0.0
2019-05-01 15:06:00,0.0,0.0,10000.0,0.0,10000.0,0.0,1.0,0.0
2019-05-01 15:07:00,0.0,0.0,10000.0,0.0,10000.0,0.0,1.0,0.0
2019-05-01 15:09:00,0.0,0.0,10000.0,0.0,10000.0,0.0,1.0,0.0
2019-05-01 15:10:00,0.0,0.0,10000.0,0.0,10000.0,0.0,1.0,0.0
2019-05-01 15:11:00,0.0,0.0,10000.0,0.0,10000.0,0.0,1.0,0.0
2019-05-01 15:13:00,0.0,0.0,10000.0,0.0,10000.0,0.0,1.0,0.0
2019-05-01 15:15:00,0.0,0.0,10000.0,0.0,10000.0,0.0,1.0,0.0
2019-05-01 15:16:00,0.0,0.0,10000.0,0.0,10000.0,0.0,1.0,0.0
2019-05-01 15:19:00,0.0,0.0,10000.0,0.0,10000.0,0.0,1.0,0.0
2019-05-01 15:21:00,0.0,0.0,10000.0,0.0,10000.0,0.0,1.0,0.0
2019-05-01 15:23:00,0.0,0.0,10000.0,0.0,10000.0,0.0,1.0,0.0
2019-05-01 15:25:00,0.0,0.0,10000.0,0.0,10000.0,0.0,1.0,0.0
2019-05-01 15:26:00,0.0,0.0,10000.0,0.0,10000.0,0.0,1.0,0.0
2019-05-01 15:28:00,0.0,0.0,10000.0,0.0,10000.0,0.0,1.0,0.0
2019-05-01 15:29:00,0.0,0.0,10000.0,0.0,10000.0,0.0,1.0,0.0
2019-05-01 15:30:00,0.0,0.0,10000.0,0.0,10000.0,0.0,1.0,0.0
2019-05-01 15:31:00,0.0,0.0,10000.0,0.0,10000.0,0.0,1.0,0.0
2019-05-01 15:32:00,0.0,0.0,10000.0,0.0,10000.0,0.0,1.0,0.0
2019-05-01 15:36:00,0.0,0.0,10000.0,0.0,10000.0,0.0,1.0,0.0
2019-05-01 15:38:00,0.0,0.0,10000.0,0.0,10000.0,0.0,1.0,0.0
2019-05-01 15:39:00,0.0,0.0,10000.0,0.0,10000.0,0.0,1.0,0.0
2019-05-01 15:40:00,0.0,0.0,10000.0,0.0,10000.0,0.0,1.0,0.0
2019-05-01 15:42:00,0.0,0.0,10000.0,0.0,10000.0,0.0,1.0,0.0
2019-05-01 15:43:00,0.0,0.0,10000.0,0.0,10000.0,0.0,1.0,0.0
2019-05-01 15:45:00,0.0,0.0,10000.0,0.0,10000.0,0.0,1.0,0.0
2019-05-01 15:47:00,0.0,0.0,10000.0,0.0,10000.0,0.0,1.0,0.0
2019-05-01 15:48:00,0.0,0.0,10000.0,0.0,10000.0,0.0,1.0,0.0
2019-05-01 15:51:00,0.0,0.0,10000.0,0.0,10000.0,0.0,1.0,0.0
2019-05-01 15:52:00,0.0,0.0,10000.0,0.0,10000.0,0.0,1.0,0.0
2019-05-01 15:53:00,0.0,0.0,10000.0,0.0,10000.0,0.0,1.0,0.0
2019-05-01 15:55:00,0.0,0.0,10000.0,0.0,10000.0,0.0,1.0,0.0
2019-05-01 15:56:00,0.0,0.0,10000.0,0.0,10000.0,0.0,1.0,0.0
2019-05-01 15:57:00,0.0,0.0,10000.0,0.0,10000.0,0.0,1.0,0.0
2019-05-01 15:58:00,0.0,0.0,10000.0,0.0,10000.0,0.0,1.0,0.0
2019-05-01 15:59:00,0.0,0.0,10000.0,0.0,10000.0,0.0,1.0,0.0
2019-05-01 16:00:00,0.0,0.0,10000.0,0.0,10000.0,0.0,1.0,0.0
2019-05-01 16:04:00,0.0,0.0,10000.0,0.0,10000.0,0.0,1.0,0.0
2019-05-01 16:07:00,0.0,0.0,10000.0,0.0,10000.0,0.0,1.0,0.0
2019-05-01 16:08:00,0.0,0.0,10000.0,0.0,10000.0,0.0,1.0,0.0
2019-05-01 16:10:00,0.0,0.0,10000.0,0.0,10000.0,0.0,1.0,0.0
2019-05-01 16:12:00,0.0,0.0,10000.0,0.0,10000.0,0.0,1.0,0.0
2019-05-01 16:15:00,0.0,0.0,10000.0,0.0,10000.0,0.0,1.0,0.0
2019-05-01 16:16:00,0.0,0.0,10000.0,0.0,10000.0,0.0,1.0,0.0
2019-05-01 16:18:00,0.0,0.0,10000.0,0.0,10000.0,0.0,1.0,0.0
2019-05-01 16:19:00,0.0,0.0,10000.0,0.0,10000.0,0.0,1.0,0.0
2019-05-01 16:24:00,0.0,0.0,10000.0,0.0,10000.0,0.0,1.0,0.0
2019-05-01 16:26:00,0.0,0.0,10000.0,0.0,10000.0,0.0,1.0,0.0
2019-05-01 16:30:00,0.0,0.0,10000.0,0.0,10000.0,0.0,1.0,0.0
2019-05-01 16:31:00,0.0,0.0,10000.0,0.0,10000.0,0.0,1.0,0.0
2019-05-01 16:32:00,0.0,0.0,10000.0,0.0,10000.0,0.0,1.0,0.0
2019-05-01 16:33:00,0.0,0.0,10000.0,0.0,10000.0,0.0,1.0,0.0
2019-05-01 16:34:00,0.0,0.0,10000.0,0.0,10000.0,0.0,1.0,0.0
2019-05-01 16:35:00,0.0,0.0,10000.0,0.0,10000.0,0.0,1.0,0.0
2019-05-01 16:38:00,0.0,0.0,10000.0,0.0,10000.0,0.0,1.0,0.0
2019-05-01 16:39:00,0.0,0.0,10000.0,0.0,10000.0,0.0,1.0,0.0
2019-05-01 16:41:00,0.0,0.0,10000.0,0.0,10000.0,0.0,1.0,0.0
2019-05-01 16:42:00,0.0,0.0,10000.0,0.0,10000.0,0.0,1.0,0.0
2019-05-01 16:43:00,0.0,0.0,10000.0,0.0,10000.0,0.0,1.0,0.0
2019-05-01 16:44:00,0.0,0.0,10000.0,0.0,10000.0,0.0,1.0,0.0
2019-05-01 16:46:00,0.0,0.0,10000.0,0.0,10000.0,0.0,1.0,0.0
2019-05-01 16:47:00,0.0,0.0,10000.0,0.0,10000.0,0.0,1.0,0.0
2019-05-01 16:48:00,0.0,0.0,10000.0,0.0,10000.0,0.0,1.0,0.0
2019-05-01 16:49:00,0.0,0.0,10000.0,0.0,10000.0,0.0,1.0,0.0
2019-05-01 16:52:00,0.0,0.0,10000.0,0.0,10000.0,0.0,1.0,0.0
2019-05-01 16:53:00,0.0,0.0,10000.0,0.0,10000.0,0.0,1.0,0.0
2019-05-01 16:56:00,0.0,0.0,10000.0,0.0,10000.0,0.0,1.0,0.0
2019-05-01 16:58:00,0.0,0.0,10000.0,0.0,10000.0,0.0,1.0,0.0
2019-05-01 17:00:00,0.0,0.0,10000.0,0.0,10000.0,0.0,1.0,0.0
2019-05-01 17:01:00,0.0,0.0,10000.0,0.0,10000.0,0.0,1.0,0.0
2019-05-01 17:09:00,0.0,0.0,10000.0,0.0,10000.0,0.0,1.0,0.0
2019-05-01 17:10:00,0.0,0.0,10000.0,0.0,10000.0,0.0,1.0,0.0
2019-05-01 17:14:00,0.0,0.0,10000.0,0.0,10000.0,0.0,1.0,0.0
2019-05-01 17:17:00,0.0,0.0,10000.0,0.0,10000.0,0.0,1.0,0.0
2019-05-01 17:24:00,0.0,0.0,10000.0,0.0,10000.0,0.0,1.0,0.0
2019-05-01 17:25:00,0.0,0.0,10000.0,0.0,10000.0,0.0,1.0,0.0
2019-05-01 17:28:00,0.0,0.0,10000.0,0.0,10000.0,0.0,1.0,0.0
2019-05-01 17:31:00,0.0,0.0,10000.0,0.0,10000.0,0.0,1.0,0.0
2019-05-01 17:32:00,0.0,0.0,10000.0,0.0,10000.0,0.0,1.0,0.0
2019-05-01 17:34:00,0.0,0.0,10000.0,0.0,10000.0,0.0,1.0,0.0
2019-05-01 17:35:00,0.0,0.0,10000.0,0.0,10000.0,0.0,1.0,0.0
2019-05-01 17:36:00,0.0,0.0,10000.0,0.0,10000.0,0.0,1.0,0.0
2019-05-01 17:37:00,0.0,0.0,10000.0,0.0,10000.0,0.0,1.0,0.0
2019-05-01 17:38:00,0.0,0.0,10000.0,0.0,10000.0,0.0,1.0,0.0
2019-05-01 17:39:00,0.0,0.0,10000.0,0.0,10000.0,0.0,1.0,0.0
2019-05-01 17:40:00,0.0,0.0,10000.0,0.0,10000.0,0.0,1.0,0.0
2019-05-01 17:41:00,0.0,0.0,10000.0,0.0,10000.0,0.0,1.0,0.0
2019-05-01 17:42:00,0.0,0.0,10000.0,0.0,10000.0,0.0,1.0,0.0
2019-05-01 17:43:00,0.0,0.0,10000.0,0.0,10000.0,0.0,1.0,0.0
2019-05-01 17:44:00,0.0,0.0,10000.0,0.0,10000.0,0.0,1.0,0.0
2019-05-01 17:45:00,0.0,0.0,10000.0,0.0,10000.0,0.0,1.0,0.0
2019-05-01 17:46:00,0.0,0.0,10000.0,0.0,10000.0,0.0,1.0,0.0
2019-05-01 17:47:00,0.0,0.0,10000.0,0.0,10000.0,0.0,1.0,0.0
2019-05-01 17:48:00,0.0,0.0,10000.0,0.0,10000.0,0.0,1.0,0.0
2019-05-01 17:49:00,0.0,0.0,10000.0,0.0,10000.0,0.0,1.0,0.0
2019-05-01 17:50:00,0.0,0.0,10000.0,0.0,10000.0,0.0,1.0,0.0
2019-05-01 17:51:00,0.0,0.0,10000.0,0.0,10000.0,0.0,1.0,0.0
2019-05-01 17:52:00,0.0,0.0,10000.0,0.0,10000.0,0.0,1.0,0.0
2019-05-01 17:53:00,0.0,0.0,10000.0,0.0,10000.0,0.0,1.0,0.0
2019-05-01 17:54:00,0.0,0.0,10000.0,0.0,10000.0,0.0,1.0,0.0
2019-05-01 17:55:00,0.0,0.0,10000.0,0.0,10000.0,0.0,1.0,0.0
2019-05-01 17:56:00,0.0,0.0,10000.0,0.0,10000.0,0.0,1.0,0.0
2019-05-01 17:58:00,0.0,0.0,10000.0,0.0,10000.0,0.0,1.0,0.0
2019-05-01 18:01:00,0.0,0.0,10000.0,0.0,10000.0,0.0,1.0,0.0
2019-05-01 18:05:00,0.0,0.0,10000.0,0.0,10000.0,0.0,1.0,0.0
2019-05-01 18:06:00,0.0,0.0,10000.0,0.0,10000.0,0.0,1.0,0.0
2019-05-01 18:07:00,0.0,0.0,10000.0,0.0,10000.0,0.0,1.0,0.0
2019-05-01 18:08:00,0.0,0.0,10000.0,0.0,10000.0,0.0,1.0,0.0
2019-05-01 18:09:00,0.0,0.0,10000.0,0.0,10000.0,0.0,1.0,0.0
2019-05-01 18:13:00,0.0,0.0,10000.0,0.0,10000.0,0.0,1.0,0.0
2019-05-01 18:14:00,0.0,0.0,10000.0,0.0,10000.0,0.0,1.0,0.0
2019-05-01 18:16:00,0.0,0.0,10000.0,0.0,10000.0,0.0,1.0,0.0
2019-05-01 18:17:00,0.0,0.0,10000.0,0.0,10000.0,0.0,1.0,0.0
2019-05-01 18:19:00,0.0,0.0,10000.0,0.0,10000.0,0.0,1.0,0.0
2019-05-01 18:20:00,0.0,0.0,10000.0,0.0,10000.0,0.0,1.0,0.0
2019-05-01 18:21:00,0.0,0.0,10000.0,0.0,10000.0,0.0,1.0,0.0
2019-05-01 18:22:00,0.0,0.0,10000.0,0.0,10000.0,0.0,1.0,0.0
2019-05-01 18:24:00,0.0,0.0,10000.0,0.0,10000.0,0.0,1.0,0.0
2019-05-01 18:25:00,0.0,0.0,10000.0,0.0,10000.0,0.0,1.0,0.0
2019-05-01 18:27:00,0.0,0.0,10000.0,0.0,10000.0,0.0,1.0,0.0
2019-05-01 18:28:00,0.0,0.0,10000.0,0.0,10000.0,0.0,1.0,0.0
2019-05-01 18:29:00,0.0,0.0,10000.0,0.0,10000.0,0.0,1.0,0.0
2019-05-01 18:31:00,0.0,0.0,10000.0,0.0,10000.0,0.0,1.0,0.0
2019-05-01 18:32:00,0.0,0.0,10000.0,0.0,10000.0,0.0,1.0,0.0
2019-05-01 18:34:00,0.0,0.0,10000.0,0.0,10000.0,0.0,1.0,0.0
2019-05-01 18:36:00,0.0,0.0,10000.0,0.0,10000.0,0.0,1.0,0.0
2019-05-01 18:39:00,0.0,0.0,10000.0,0.0,10000.0,0.0,1.0,0.0
2019-05-01 18:41:00,0.0,0.0,10000.0,0.0,10000.0,0.0,1.0,0.0
2019-05-01 18:42:00,0.0,0.0,10000.0,0.0,10000.0,0.0,1.0,0.0
2019-05-01 18:43:00,0.0,0.0,10000.0,0.0,10000.0,0.0,1.0,0.0
2019-05-01 18:44:00,0.0,0.0,10000.0,0.0,10000.0,0.0,1.0,0.0
2019-05-01 18:45:00,0.0,0.0,10000.0,0.0,10000.0,0.0,1.0,0.0
2019-05-01 18:47:00,0.0,0.0,10000.0,0.0,10000.0,0.0,1.0,0.0
2019-05-01 18:48:00,0.0,0.0,10000.0,0.0,10000.0,0.0,1.0,0.0
2019-05-01 18:49:00,0.0,0.0,10000.0,0.0,10000.0,0.0,1.0,0.0
2019-05-01 18:51:00,0.0,0.0,10000.0,0.0,10000.0,0.0,1.0,0.0
2019-05-01 18:52:00,0.0,0.0,10000.0,0.0,10000.0,0.0,1.0,0.0
2019-05-01 18:53:00,0.0,0.0,10000.0,0.0,10000.0,0.0,1.0,0.0
2019-05-01 18:54:00,0.0,0.0,10000.0,0.0,10000.0,0.0,1.0,0.0
2019-05-01 18:55:00,0.0,0.0,10000.0,0.0,10000.0,0.0,1.0,0.0
2019-05-01 18:57:00,0.0,0.0,10000.0,0.0,10000.0,0.0,1.0,0.0
2019-05-01 18:58:00,0.0,0.0,10000.0,0.0,10000.0,0.0,1.0,0.0
2019-05-01 18:59:00,0.0,0.0,10000.0,0.0,10000.0,0.0,1.0,0.0
2019-05-01 19:00:00,0.0,0.0,10000.0,0.0,10000.0,0.0,1.0,0.0
2019-05-01 19:01:00,0.0,0.0,10000.0,0.0,10000.0,0.0,1.0,0.0
2019-05-01 19:02:00,0.0,0.0,10000.0,0.0,10000.0,0.0,1.0,0.0
2019-05-01 19:03:00,0.0,0.0,10000.0,0.0,10000.0,0.0,1.0,0.0
2019-05-01 19:04:00,0.0,0.0,10000.0,0.0,10000.0,0.0,1.0,0.0
2019-05-01 19:06:00,0.0,0.0,10000.0,0.0,10000.0,0.0,1.0,0.0
2019-05-01 19:07:00,0.0,0.0,10000.0,0.0,10000.0,0.0,1.0,0.0
2019-05-01 19:11:00,0.0,0.0,10000.0,0.0,10000.0,0.0,1.0,0.0
2019-05-01 19:13:00,0.0,0.0,10000.0,0.0,10000.0,0.0,1.0,0.0
2019-05-01 19:15:00,0.0,0.0,10000.0,0.0,10000.0,0.0,1.0,0.0
2019-05-01 19:16:00,0.0,0.0,10000.0,0.0,10000.0,0.0,1.0,0.0
2019-05-01 19:17:00,0.0,0.0,10000.0,0.0,10000.0,0.0,1.0,0.0
2019-05-01 19:19:00,0.0,0.0,10000.0,0.0,10000.0,0.0,1.0,0.0
2019-05-01 19:20:00,0.0,0.0,10000.0,0.0,10000.0,0.0,1.0,0.0
2019-05-01 19:21:00,0.0,0.0,10000.0,0.0,10000.0,0.0,1.0,0.0
2019-05-01 19:22:00,0.0,0.0,10000.0,0.0,10000.0,0.0,1.0,0.0
2019-05-01 19:23:00,0.0,0.0,10000.0,0.0,10000.0,0.0,1.0,0.0
2019-05-01 19:25:00,0.0,0.0,10000.0,0.0,10000.0,0.0,1.0,0.0
2019-05-01 19:26:00,0.0,0.0,10000.0,0.0,10000.0,0.0,1.0,0.0
2019-05-01 19:27:00,0.0,0.0,10000.0,0.0,10000.0,0.0,1.0,0.0
2019-05-01 19:28:00,0.0,0.0,10000.0,0.0,10000.0,0.0,1.0,0.0
2019-05-01 19:29:00,0.0,0.0,10000.0,0.0,10000.0,0.0,1.0,0.0
2019-05-01 19:30:00,0.0,0.0,10000.0,0.0,10000.0,0.0,1.0,0.0
2019-05-01 19:31:00,0.0,0.0,10000.0,0.0,10000.0,0.0,1.0,0.0
2019-05-01 19:32:00,0.0,0.0,10000.0,0.0,10000.0,0.0,1.0,0.0
2019-05-01 19:33:00,0.0,0.0,10000.0,0.0,10000.0,0.0,1.0,0.0
2019-05-01 19:34:00,0.0,0.0,10000.0,0.0,10000.0,0.0,1.0,0.0
2019-05-01 19:35:00,0.0,0.0,10000.0,0.0,10000.0,0.0,1.0,0.0
2019-05-01 19:37:00,0.0,0.0,10000.0,0.0,10000.0,0.0,1.0,0.0
2019-05-01 19:39:00,0.0,0.0,10000.0,0.0,10000.0,0.0,1.0,0.0
2019-05-01 19:40:00,0.0,0.0,10000.0,0.0,10000.0,0.0,1.0,0.0
2019-05-01 19:41:00,0.0,0.0,10000.0,0.0,10000.0,0.0,1.0,0.0
2019-05-01 19:42:00,0.0,0.0,10000.0,0.0,10000.0,0.0,1.0,0.0
2019-05-01 19:43:00,0.0,0.0,10000.0,0.0,10000.0,0.0,1.0,0.0
2019-05-01 19:44:00,0.0,0.0,10000.0,0.0,10000.0,0.0,1.0,0.0
2019-05-01 19:45:00,0.0,0.0,10000.0,0.0,10000.0,0.0,1.0,0.0
2019-05-01 19:46:00,0.0,0.0,10000.0,0.0,10000.0,0.0,1.0,0.0
2019-05-01 19:47:00,0.0,0.0,10000.0,0.0,10000.0,0.0,1.0,0.0
2019-05-01 19:48:00,0.0,0.0,10000.0,0.0,10000.0,0.0,1.0,0.0
2019-05-01 19:49:00,0.0,0.0,10000.0,0.0,10000.0,0.0,1.0,0.0
2019-05-01 19:50:00,0.0,0.0,10000.0,0.0,10000.0,0.0,1.0,0.0
2019-05-01 19:51:00,0.0,0.0,10000.0,0.0,10000.0,0.0,1.0,0.0
2019-05-01 19:52:00,0.0,0.0,10000.0,0.0,10000.0,0.0,1.0,0.0
2019-05-01 19:53:00,0.0,0.0,10000.0,0.0,10000.0,0.0,1.0,0.0
2019-05-01 19:54:00,0.0,0.0,10000.0,0.0,10000.0,0.0,1.0,0.0
2019-05-01 19:55:00,0.0,0.0,10000.0,0.0,10000.0,0.0,1.0,0.0
2019-05-01 19:56:00,0.0,0.0,10000.0,0.0,10000.0,0.0,1.0,0.0
2019-05-01 19:57:00,0.0,0.0,10000.0,0.0,10000.0,0.0,1.0,0.0
2019-05-01 19:58:00,0.0,0.0,10000.0,0.0,10000.0,0.0,1.0,0.0
2019-05-01 19:59:00,0.0,0.0,10000.0,0.0,10000.0,0.0,1.0,0.0
2019-05-02 13:30:00,0.0,0.0,10000.0,0.0,10000.0,0.0,1.0,0.0
2019-05-02 13:32:00,-34.0,2306.0,7734.400000000001,2.6,10006.400000000001,0.000640000000000196,1.0006400000000002,0.0
2019-05-02 13:33:00,-34.0,2345.0,7734.400000000001,2.6,10045.400000000001,0.003897505596418327,1.0045400000000002,0.0
2019-05-02 13:34:00,-35.839999999999996,2371.0,7734.400000000001,2.6,10069.560000000001,0.002405080932566195,1.0069560000000002,0.0
2019-05-02 13:35:00,-34.99,2402.0,7734.400000000001,2.6,10101.41,0.003162998184627508,1.010141,0.0
2019-05-02 13:37:00,-34.98,2416.0,7734.400000000001,2.6,10115.420000000002,0.0013869350912398826,1.0115420000000002,0.0
2019-05-02 13:38:00,-34.98,2427.0,7734.400000000001,2.6,10126.420000000002,0.0010874486674798955,1.012642,0.0
2019-05-02 13:39:00,-34.98,2428.0,7734.400000000001,2.6,10127.420000000002,9.875158249417204e-05,1.012742,0.0
2019-05-02 13:40:00,-34.98,2435.0,7734.400000000001,2.6,10134.420000000002,0.0006911928210737717,1.013442,0.0
2019-05-02 13:41:00,-34.98,2437.0,7734.400000000001,2.6,10136.420000000002,0.0001973472581557889,1.013642,0.0
2019-05-02 13:44:00,-34.98,2440.0,7734.400000000001,2.6,10139.420000000002,0.00029596247984997603,1.0139420000000001,0.0
2019-05-02 13:45:00,-34.089999999999996,2437.0,7734.400000000001,2.6,10137.310000000001,-0.00020809868809068544,1.0137310000000002,0.00021099999999996122
2019-05-02 13:46:00,-34.98,2433.0,7734.400000000001,2.6,10132.420000000002,-0.00048237648843718617,1.0132420000000002,0.0006999999999999229
2019-05-02 13:49:00,-34.94,2452.0,7734.400000000001,2.6,10151.460000000001,0.0018791167361793537,1.015146,0.0
2019-05-02 13:51:00,-34.97,2451.0,7734.400000000001,2.6,10150.43,-0.00010146323780035882,1.015043,0.00010300000000018628
2019-05-02 13:52:00,-34.96,2450.0,7734.400000000001,2.6,10149.44,-9.753281388080737e-05,1.0149439999999998,0.00020200000000025753
2019-05-02 13:54:00,-34.17,2451.0,7734.400000000001,2.6,10151.23,0.00017636441025303817,1.0151229999999998,2.3000000000328313e-05
2019-05-02 13:56:00,-34.2,2450.0,7734.400000000001,2.6,10150.2,-0.00010146553668854974,1.0150199999999998,0.00012600000000029254
2019-05-02 14:01:00,-34.910000000000004,2461.0,7734.400000000001,2.6,10160.490000000002,0.0010137731276231854,1.016049,0.0
2019-05-02 14:02:00,-34.949999999999996,2467.0,7734.400000000001,2.6,10166.45,0.0005865858831610726,1.0166449999999998,0.0
2019-05-02 14:04:00,-34.949999999999996,2468.0,7734.400000000001,2.6,10167.45,9.83627519930419e-05,1.0167449999999998,0.0
2019-05-02 14:06:00,-35.0,2465.0,7734.400000000001,2.6,10164.400000000001,-0.0002999768870266539,1.0164399999999998,0.0003049999999999997
2019-05-02 14:07:00,-34.99,2467.0,7734.400000000001,2.6,10166.41,0.00019774900633562353,1.0166409999999995,0.00010400000000032605
2019-05-02 14:10:00,-34.96,2464.0,7734.400000000001,2.6,10163.44,-0.00029213852284137865,1.0163439999999995,0.00040100000000031777
2019-05-02 14:12:00,-34.260000000000005,2464.0,7734.400000000001,2.6,10164.14,6.88743181440632e-05,1.0164139999999993,0.0003310000000005253
2019-05-02 14:14:00,-34.6,2461.0,7734.400000000001,2.6,10160.8,-0.0003286062568992332,1.0160799999999992,0.0006650000000005818
2019-05-02 14:17:00,-34.94,2470.0,7734.400000000001,2.6,10169.460000000001,0.0008522950948746111,1.0169459999999995,0.0
2019-05-02 14:18:00,-34.94,2467.0,7734.400000000001,2.6,10166.460000000001,-0.00029500091450285204,1.0166459999999995,0.00029999999999996696
2019-05-02 14:20:00,-34.98,2471.0,7734.400000000001,2.6,10170.420000000002,0.0003895161147537962,1.0170419999999996,0.0
2019-05-02 14:24:00,-34.98,2463.0,7734.400000000001,2.6,10162.420000000002,-0.0007865948505567655,1.0162419999999996,0.0007999999999999119
2019-05-02 14:26:00,-34.98,2462.0,7734.400000000001,2.6,10161.420000000002,-9.840175863617961e-05,1.0161419999999997,0.0008999999999999009
2019-05-02 14:31:00,-34.98,2464.0,7734.400000000001,2.6,10163.420000000002,0.0001968228849904552,1.0163419999999996,0.0006999999999999229
2019-05-02 14:32:00,-34.97,2463.0,7734.400000000001,2.6,10162.43,-9.74081559161899e-05,1.0162429999999996,0.0007989999999999942
2019-05-02 14:33:00,-34.0,2460.0,7734.400000000001,2.6,10160.400000000001,-0.00019975537346861305,1.0160399999999996,0.0010019999999999474
2019-05-02 14:34:00,-34.02,2461.0,7734.400000000001,2.6,10161.380000000001,9.645289555515468e-05,1.0161379999999995,0.0009040000000000159
2019-05-02 14:35:00,-32.01,2460.0,7734.400000000001,2.6,10162.39,9.939594818808573e-05,1.0162389999999994,0.0008030000000001092
2019-05-02 14:36:00,0.0,0.0,10159.79,5.2,10159.79,-0.00025584532772293667,1.0159789999999995,0.0010630000000000361
2019-05-02 14:37:00,0.0,0.0,10159.79,5.2,10159.79,0.0,1.0159789999999995,0.0010630000000000361
2019-05-02 14:38:00,0.0,0.0,10159.79,5.2,10159.79,0.0,1.0159789999999995,0.0010630000000000361
2019-05-02 14:39:00,0.0,0.0,10159.79,5.2,10159.79,0.0,1.0159789999999995,0.0010630000000000361
2019-05-02 14:41:00,0.0,0.0,10159.79,5.2,10159.79,0.0,1.0159789999999995,0.0010630000000000361
2019-05-02 14:42:00,0.0,0.0,10159.79,5.2,10159.79,0.0,1.0159789999999995,0.0010630000000000361
2019-05-02 14:43:00,0.0,0.0,10159.79,5.2,10159.79,0.0,1.0159789999999995,0.0010630000000000361
2019-05-02 14:44:00,0.0,0.0,10159.79,5.2,10159.79,0.0,1.0159789999999995,0.0010630000000000361
2019-05-02 14:45:00,0.0,0.0,10159.79,5.2,10159.79,0.0,1.0159789999999995,0.0010630000000000361
2019-05-02 14:46:00,0.0,0.0,10159.79,5.2,10159.79,0.0,1.0159789999999995,0.0010630000000000361
2019-05-02 14:47:00,0.0,0.0,10159.79,5.2,10159.79,0.0,1.0159789999999995,0.0010630000000000361
2019-05-02 14:48:00,0.0,0.0,10159.79,5.2,10159.79,0.0,1.0159789999999995,0.0010630000000000361
2019-05-02 14:49:00,0.0,0.0,10159.79,5.2,10159.79,0.0,1.0159789999999995,0.0010630000000000361
2019-05-02 14:50:00,0.0,0.0,10159.79,5.2,10159.79,0.0,1.0159789999999995,0.0010630000000000361
2019-05-02 14:51:00,0.0,0.0,10159.79,5.2,10159.79,0.0,1.0159789999999995,0.0010630000000000361
2019-05-02 14:56:00,0.0,0.0,10159.79,5.2,10159.79,0.0,1.0159789999999995,0.0010630000000000361
2019-05-02 14:57:00,0.0,0.0,10159.79,5.2,10159.79,0.0,1.0159789999999995,0.0010630000000000361
2019-05-02 15:02:00,0.0,0.0,10159.79,5.2,10159.79,0.0,1.0159789999999995,0.0010630000000000361
2019-05-02 15:04:00,0.0,0.0,10159.79,5.2,10159.79,0.0,1.0159789999999995,0.0010630000000000361
2019-05-02 15:05:00,0.0,0.0,10159.79,5.2,10159.79,0.0,1.0159789999999995,0.0010630000000000361
2019-05-02 15:08:00,0.0,0.0,10159.79,5.2,10159.79,0.0,1.0159789999999995,0.0010630000000000361
2019-05-02 15:10:00,0.0,0.0,10159.79,5.2,10159.79,0.0,1.0159789999999995,0.0010630000000000361
2019-05-02 15:17:00,0.0,0.0,10159.79,5.2,10159.79,0.0,1.0159789999999995,0.0010630000000000361
2019-05-02 15:20:00,0.0,0.0,10159.79,5.2,10159.79,0.0,1.0159789999999995,0.0010630000000000361
2019-05-02 15:22:00,0.0,0.0,10159.79,5.2,10159.79,0.0,1.0159789999999995,0.0010630000000000361
2019-05-02 15:23:00,0.0,0.0,10159.79,5.2,10159.79,0.0,1.0159789999999995,0.0010630000000000361
2019-05-02 15:24:00,0.0,0.0,10159.79,5.2,10159.79,0.0,1.0159789999999995,0.0010630000000000361
2019-05-02 15:27:00,0.0,0.0,10159.79,5.2,10159.79,0.0,1.0159789999999995,0.0010630000000000361
2019-05-02 15:28:00,0.0,0.0,10159.79,5.2,10159.79,0.0,1.0159789999999995,0.0010630000000000361
2019-05-02 15:30:00,0.0,0.0,10159.79,5.2,10159.79,0.0,1.0159789999999995,0.0010630000000000361
2019-05-02 15:31:00,0.0,0.0,10159.79,5.2,10159.79,0.0,1.0159789999999995,0.0010630000000000361
2019-05-02 15:32:00,0.0,0.0,10159.79,5.2,10159.79,0.0,1.0159789999999995,0.0010630000000000361
2019-05-02 15:33:00,0.0,0.0,10159.79,5.2,10159.79,0.0,1.0159789999999995,0.0010630000000000361
2019-05-02 15:34:00,0.0,0.0,10159.79,5.2,10159.79,0.0,1.0159789999999995,0.0010630000000000361
2019-05-02 15:35:00,0.0,0.0,10159.79,5.2,10159.79,0.0,1.0159789999999995,0.0010630000000000361
2019-05-02 15:36:00,0.0,0.0,10159.79,5.2,10159.79,0.0,1.0159789999999995,0.0010630000000000361
2019-05-02 15:40:00,0.0,0.0,10159.79,5.2,10159.79,0.0,1.0159789999999995,0.0010630000000000361
2019-05-02 15:42:00,0.0,0.0,10159.79,5.2,10159.79,0.0,1.0159789999999995,0.0010630000000000361
2019-05-02 15:43:00,0.0,0.0,10159.79,5.2,10159.79,0.0,1.0159789999999995,0.0010630000000000361
2019-05-02 15:45:00,0.0,0.0,10159.79,5.2,10159.79,0.0,1.0159789999999995,0.0010630000000000361
2019-05-02 15:49:00,0.0,0.0,10159.79,5.2,10159.79,0.0,1.0159789999999995,0.0010630000000000361
2019-05-02 15:55:00,0.0,0.0,10159.79,5.2,10159.79,0.0,1.0159789999999995,0.0010630000000000361
2019-05-02 15:57:00,0.0,0.0,10159.79,5.2,10159.79,0.0,1.0159789999999995,0.0010630000000000361
2019-05-02 16:00:00,0.0,0.0,10159.79,5.2,10159.79,0.0,1.0159789999999995,0.0010630000000000361
2019-05-02 16:01:00,0.0,0.0,10159.79,5.2,10159.79,0.0,1.0159789999999995,0.0010630000000000361
2019-05-02 16:02:00,0.0,0.0,10159.79,5.2,10159.79,0.0,1.0159789999999995,0.0010630000000000361
2019-05-02 16:03:00,0.0,0.0,10159.79,5.2,10159.79,0.0,1.0159789999999995,0.0010630000000000361
2019-05-02 16:08:00,0.0,0.0,10159.79,5.2,10159.79,0.0,1.0159789999999995,0.0010630000000000361
2019-05-02 16:09:00,0.0,0.0,10159.79,5.2,10159.79,0.0,1.0159789999999995,0.0010630000000000361
2019-05-02 16:10:00,0.0,0.0,10159.79,5.2,10159.79,0.0,1.0159789999999995,0.0010630000000000361
2019-05-02 16:15:00,0.0,0.0,10159.79,5.2,10159.79,0.0,1.0159789999999995,0.0010630000000000361
2019-05-02 16:16:00,0.0,0.0,10159.79,5.2,10159.79,0.0,1.0159789999999995,0.0010630000000000361
2019-05-02 16:17:00,0.0,0.0,10159.79,5.2,10159.79,0.0,1.0159789999999995,0.0010630000000000361
2019-05-02 16:18:00,0.0,0.0,10159.79,5.2,10159.79,0.0,1.0159789999999995,0.0010630000000000361
2019-05-02 16:19:00,0.0,0.0,10159.79,5.2,10159.79,0.0,1.0159789999999995,0.0010630000000000361
2019-05-02 16:21:00,0.0,0.0,10159.79,5.2,10159.79,0.0,1.0159789999999995,0.0010630000000000361
2019-05-02 16:22:00,0.0,0.0,10159.79,5.2,10159.79,0.0,1.0159789999999995,0.0010630000000000361
2019-05-02 16:25:00,0.0,0.0,10159.79,5.2,10159.79,0.0,1.0159789999999995,0.0010630000000000361
2019-05-02 16:28:00,0.0,0.0,10159.79,5.2,10159.79,0.0,1.0159789999999995,0.0010630000000000361
2019-05-02 16:31:00,0.0,0.0,10159.79,5.2,10159.79,0.0,1.0159789999999995,0.0010630000000000361
2019-05-02 16:32:00,0.0,0.0,10159.79,5.2,10159.79,0.0,1.0159789999999995,0.0010630000000000361
2019-05-02 16:33:00,0.0,0.0,10159.79,5.2,10159.79,0.0,1.0159789999999995,0.0010630000000000361
2019-05-02 16:35:00,0.0,0.0,10159.79,5.2,10159.79,0.0,1.0159789999999995,0.0010630000000000361
2019-05-02 16:39:00,0.0,0.0,10159.79,5.2,10159.79,0.0,1.0159789999999995,0.0010630000000000361
2019-05-02 16:40:00,0.0,0.0,10159.79,5.2,10159.79,0.0,1.0159789999999995,0.0010630000000000361
2019-05-02 16:42:00,0.0,0.0,10159.79,5.2,10159.79,0.0,1.0159789999999995,0.0010630000000000361
2019-05-02 16:43:00,0.0,0.0,10159.79,5.2,10159.79,0.0,1.0159789999999995,0.0010630000000000361
2019-05-02 16:52:00,0.0,0.0,10159.79,5.2,10159.79,0.0,1.0159789999999995,0.0010630000000000361
2019-05-02 16:53:00,0.0,0.0,10159.79,5.2,10159.79,0.0,1.0159789999999995,0.0010630000000000361
2019-05-02 16:54:00,0.0,0.0,10159.79,5.2,10159.79,0.0,1.0159789999999995,0.0010630000000000361
2019-05-02 16:55:00,0.0,0.0,10159.79,5.2,10159.79,0.0,1.0159789999999995,0.0010630000000000361
2019-05-02 16:57:00,0.0,0.0,10159.79,5.2,10159.79,0.0,1.0159789999999995,0.0010630000000000361
2019-05-02 17:00:00,0.0,0.0,10159.79,5.2,10159.79,0.0,1.0159789999999995,0.0010630000000000361
2019-05-02 17:04:00,0.0,0.0,10159.79,5.2,10159.79,0.0,1.0159789999999995,0.0010630000000000361
2019-05-02 17:07:00,0.0,0.0,10159.79,5.2,10159.79,0.0,1.0159789999999995,0.0010630000000000361
2019-05-02 17:09:00,0.0,0.0,10159.79,5.2,10159.79,0.0,1.0159789999999995,0.0010630000000000361
2019-05-02 17:10:00,0.0,0.0,10159.79,5.2,10159.79,0.0,1.0159789999999995,0.0010630000000000361
2019-05-02 17:12:00,0.0,0.0,10159.79,5.2,10159.79,0.0,1.0159789999999995,0.0010630000000000361
2019-05-02 17:17:00,0.0,0.0,10159.79,5.2,10159.79,0.0,1.0159789999999995,0.0010630000000000361
2019-05-02 17:18:00,0.0,0.0,10159.79,5.2,10159.79,0.0,1.0159789999999995,0.0010630000000000361
2019-05-02 17:19:00,0.0,0.0,10159.79,5.2,10159.79,0.0,1.0159789999999995,0.0010630000000000361
2019-05-02 17:20:00,0.0,0.0,10159.79,5.2,10159.79,0.0,1.0159789999999995,0.0010630000000000361
2019-05-02 17:21:00,0.0,0.0,10159.79,5.2,10159.79,0.0,1.0159789999999995,0.0010630000000000361
2019-05-02 17:22:00,0.0,0.0,10159.79,5.2,10159.79,0.0,1.0159789999999995,0.0010630000000000361
2019-05-02 17:24:00,0.0,0.0,10159.79,5.2,10159.79,0.0,1.0159789999999995,0.0010630000000000361
2019-05-02 17:25:00,0.0,0.0,10159.79,5.2,10159.79,0.0,1.0159789999999995,0.0010630000000000361
2019-05-02 17:33:00,0.0,0.0,10159.79,5.2,10159.79,0.0,1.0159789999999995,0.0010630000000000361
2019-05-02 17:35:00,0.0,0.0,10159.79,5.2,10159.79,0.0,1.0159789999999995,0.0010630000000000361
2019-05-02 17:38:00,0.0,0.0,10159.79,5.2,10159.79,0.0,1.0159789999999995,0.0010630000000000361
2019-05-02 17:42:00,0.0,0.0,10159.79,5.2,10159.79,0.0,1.0159789999999995,0.0010630000000000361
2019-05-02 17:43:00,0.0,0.0,10159.79,5.2,10159.79,0.0,1.0159789999999995,0.0010630000000000361
2019-05-02 17:44:00,0.0,0.0,10159.79,5.2,10159.79,0.0,1.0159789999999995,0.0010630000000000361
2019-05-02 17:48:00,0.0,0.0,10159.79,5.2,10159.79,0.0,1.0159789999999995,0.0010630000000000361
2019-05-02 17:49:00,0.0,0.0,10159.79,5.2,10159.79,0.0,1.0159789999999995,0.0010630000000000361
2019-05-02 17:51:00,0.0,0.0,10159.79,5.2,10159.79,0.0,1.0159789999999995,0.0010630000000000361
2019-05-02 17:53:00,0.0,0.0,10159.79,5.2,10159.79,0.0,1.0159789999999995,0.0010630000000000361
2019-05-02 17:54:00,0.0,0.0,10159.79,5.2,10159.79,0.0,1.0159789999999995,0.0010630000000000361
2019-05-02 17:57:00,0.0,0.0,10159.79,5.2,10159.79,0.0,1.0159789999999995,0.0010630000000000361
2019-05-02 18:00:00,0.0,0.0,10159.79,5.2,10159.79,0.0,1.0159789999999995,0.0010630000000000361
2019-05-02 18:02:00,0.0,0.0,10159.79,5.2,10159.79,0.0,1.0159789999999995,0.0010630000000000361
2019-05-02 18:03:00,0.0,0.0,10159.79,5.2,10159.79,0.0,1.0159789999999995,0.0010630000000000361
2019-05-02 18:05:00,0.0,0.0,10159.79,5.2,10159.79,0.0,1.0159789999999995,0.0010630000000000361
2019-05-02 18:06:00,0.0,0.0,10159.79,5.2,10159.79,0.0,1.0159789999999995,0.0010630000000000361
2019-05-02 18:07:00,0.0,0.0,10159.79,5.2,10159.79,0.0,1.0159789999999995,0.0010630000000000361
2019-05-02 18:08:00,0.0,0.0,10159.79,5.2,10159.79,0.0,1.0159789999999995,0.0010630000000000361
2019-05-02 18:09:00,0.0,0.0,10159.79,5.2,10159.79,0.0,1.0159789999999995,0.0010630000000000361
2019-05-02 18:10:00,0.0,0.0,10159.79,5.2,10159.79,0.0,1.0159789999999995,0.0010630000000000361
2019-05-02 18:11:00,0.0,0.0,10159.79,5.2,10159.79,0.0,1.0159789999999995,0.0010630000000000361
2019-05-02 18:12:00,0.0,0.0,10159.79,5.2,10159.79,0.0,1.0159789999999995,0.0010630000000000361
2019-05-02 18:13:00,0.0,0.0,10159.79,5.2,10159.79,0.0,1.0159789999999995,0.0010630000000000361
2019-05-02 18:16:00,0.0,0.0,10159.79,5.2,10159.79,0.0,1.0159789999999995,0.0010630000000000361
2019-05-02 18:17:00,0.0,0.0,10159.79,5.2,10159.79,0.0,1.0159789999999995,0.0010630000000000361
2019-05-02 18:19:00,0.0,0.0,10159.79,5.2,10159.79,0.0,1.0159789999999995,0.0010630000000000361
2019-05-02 18:21:00,0.0,0.0,10159.79,5.2,10159.79,0.0,1.0159789999999995,0.0010630000000000361
2019-05-02 18:22:00,0.0,0.0,10159.79,5.2,10159.79,0.0,1.0159789999999995,0.0010630000000000361
2019-05-02 18:24:00,0.0,0.0,10159.79,5.2,10159.79,0.0,1.0159789999999995,0.0010630000000000361
2019-05-02 18:27:00,0.0,0.0,10159.79,5.2,10159.79,0.0,1.0159789999999995,0.0010630000000000361
2019-05-02 18:28:00,0.0,0.0,10159.79,5.2,10159.79,0.0,1.0159789999999995,0.0010630000000000361
2019-05-02 18:29:00,0.0,0.0,10159.79,5.2,10159.79,0.0,1.0159789999999995,0.0010630000000000361
2019-05-02 18:30:00,0.0,0.0,10159.79,5.2,10159.79,0.0,1.0159789999999995,0.0010630000000000361
2019-05-02 18:31:00,0.0,0.0,10159.79,5.2,10159.79,0.0,1.0159789999999995,0.0010630000000000361
2019-05-02 18:33:00,0.0,0.0,10159.79,5.2,10159.79,0.0,1.0159789999999995,0.0010630000000000361
2019-05-02 18:36:00,0.0,0.0,10159.79,5.2,10159.79,0.0,1.0159789999999995,0.0010630000000000361
2019-05-02 18:37:00,0.0,0.0,10159.79,5.2,10159.79,0.0,1.0159789999999995,0.0010630000000000361
2019-05-02 18:40:00,0.0,0.0,10159.79,5.2,10159.79,0.0,1.0159789999999995,0.0010630000000000361
2019-05-02 18:42:00,0.0,0.0,10159.79,5.2,10159.79,0.0,1.0159789999999995,0.0010630000000000361
2019-05-02 18:44:00,0.0,0.0,10159.79,5.2,10159.79,0.0,1.0159789999999995,0.0010630000000000361
2019-05-02 18:45:00,0.0,0.0,10159.79,5.2,10159.79,0.0,1.0159789999999995,0.0010630000000000361
2019-05-02 18:46:00,0.0,0.0,10159.79,5.2,10159.79,0.0,1.0159789999999995,0.0010630000000000361
2019-05-02 18:47:00,0.0,0.0,10159.79,5.2,10159.79,0.0,1.0159789999999995,0.0010630000000000361
2019-05-02 18:48:00,0.0,0.0,10159.79,5.2,10159.79,0.0,1.0159789999999995,0.0010630000000000361
2019-05-02 18:49:00,0.0,0.0,10159.79,5.2,10159.79,0.0,1.0159789999999995,0.0010630000000000361
2019-05-02 18:50:00,0.0,0.0,10159.79,5.2,10159.79,0.0,1.0159789999999995,0.0010630000000000361
2019-05-02 18:51:00,0.0,0.0,10159.79,5.2,10159.79,0.0,1.0159789999999995,0.0010630000000000361
2019-05-02 18:52:00,0.0,0.0,10159.79,5.2,10159.79,0.0,1.0159789999999995,0.0010630000000000361
2019-05-02 18:53:00,0.0,0.0,10159.79,5.2,10159.79,0.0,1.0159789999999995,0.0010630000000000361
2019-05-02 18:54:00,0.0,0.0,10159.79,5.2,10159.79,0.0,1.0159789999999995,0.0010630000000000361
2019-05-02 18:55:00,0.0,0.0,10159.79,5.2,10159.79,0.0,1.0159789999999995,0.0010630000000000361
2019-05-02 18:56:00,0.0,0.0,10159.79,5.2,10159.79,0.0,1.0159789999999995,0.0010630000000000361
2019-05-02 18:57:00,0.0,0.0,10159.79,5.2,10159.79,0.0,1.0159789999999995,0.0010630000000000361
2019-05-02 18:58:00,0.0,0.0,10159.79,5.2,10159.79,0.0,1.0159789999999995,0.0010630000000000361
2019-05-02 18:59:00,0.0,0.0,10159.79,5.2,10159.79,0.0,1.0159789999999995,0.0010630000000000361
2019-05-02 19:03:00,0.0,0.0,10159.79,5.2,10159.79,0.0,1.0159789999999995,0.0010630000000000361
2019-05-02 19:04:00,0.0,0.0,10159.79,5.2,10159.79,0.0,1.0159789999999995,0.0010630000000000361
2019-05-02 19:06:00,0.0,0.0,10159.79,5.2,10159.79,0.0,1.0159789999999995,0.0010630000000000361
2019-05-02 19:07:00,0.0,0.0,10159.79,5.2,10159.79,0.0,1.0159789999999995,0.0010630000000000361
2019-05-02 19:08:00,0.0,0.0,10159.79,5.2,10159.79,0.0,1.0159789999999995,0.0010630000000000361
2019-05-02 19:09:00,0.0,0.0,10159.79,5.2,10159.79,0.0,1.0159789999999995,0.0010630000000000361
2019-05-02 19:12:00,0.0,0.0,10159.79,5.2,10159.79,0.0,1.0159789999999995,0.0010630000000000361
2019-05-02 19:13:00,0.0,0.0,10159.79,5.2,10159.79,0.0,1.0159789999999995,0.0010630000000000361
2019-05-02 19:14:00,0.0,0.0,10159.79,5.2,10159.79,0.0,1.0159789999999995,0.0010630000000000361
2019-05-02 19:15:00,0.0,0.0,10159.79,5.2,10159.79,0.0,1.0159789999999995,0.0010630000000000361
2019-05-02 19:16:00,0.0,0.0,10159.79,5.2,10159.79,0.0,1.0159789999999995,0.0010630000000000361
2019-05-02 19:18:00,0.0,0.0,10159.79,5.2,10159.79,0.0,1.0159789999999995,0.0010630000000000361
2019-05-02 19:21:00,0.0,0.0,10159.79,5.2,10159.79,0.0,1.0159789999999995,0.0010630000000000361
2019-05-02 19:23:00,0.0,0.0,10159.79,5.2,10159.79,0.0,1.0159789999999995,0.0010630000000000361
2019-05-02 19:25:00,0.0,0.0,10159.79,5.2,10159.79,0.0,1.0159789999999995,0.0010630000000000361
2019-05-02 19:26:00,0.0,0.0,10159.79,5.2,10159.79,0.0,1.0159789999999995,0.0010630000000000361
2019-05-02 19:27:00,0.0,0.0,10159.79,5.2,10159.79,0.0,1.0159789999999995,0.0010630000000000361
2019-05-02 19:28:00,0.0,0.0,10159.79,5.2,10159.79,0.0,1.0159789999999995,0.0010630000000000361
2019-05-02 19:29:00,0.0,0.0,10159.79,5.2,10159.79,0.0,1.0159789999999995,0.0010630000000000361
2019-05-02 19:33:00,0.0,0.0,10159.79,5.2,10159.79,0.0,1.0159789999999995,0.0010630000000000361
2019-05-02 19:34:00,0.0,0.0,10159.79,5.2,10159.79,0.0,1.0159789999999995,0.0010630000000000361
2019-05-02 19:35:00,0.0,0.0,10159.79,5.2,10159.79,0.0,1.0159789999999995,0.0010630000000000361
2019-05-02 19:36:00,0.0,0.0,10159.79,5.2,10159.79,0.0,1.0159789999999995,0.0010630000000000361
2019-05-02 19:37:00,0.0,0.0,10159.79,5.2,10159.79,0.0,1.0159789999999995,0.0010630000000000361
2019-05-02 19:38:00,0.0,0.0,10159.79,5.2,10159.79,0.0,1.0159789999999995,0.0010630000000000361
2019-05-02 19:39:00,0.0,0.0,10159.79,5.2,10159.79,0.0,1.0159789999999995,0.0010630000000000361
2019-05-02 19:40:00,0.0,0.0,10159.79,5.2,10159.79,0.0,1.0159789999999995,0.0010630000000000361
2019-05-02 19:41:00,0.0,0.0,10159.79,5.2,10159.79,0.0,1.0159789999999995,0.0010630000000000361
2019-05-02 19:44:00,0.0,0.0,10159.79,5.2,10159.79,0.0,1.0159789999999995,0.0010630000000000361
2019-05-02 19:45:00,0.0,0.0,10159.79,5.2,10159.79,0.0,1.0159789999999995,0.0010630000000000361
2019-05-02 19:46:00,0.0,0.0,10159.79,5.2,10159.79,0.0,1.0159789999999995,0.0010630000000000361
2019-05-02 19:47:00,0.0,0.0,10159.79,5.2,10159.79,0.0,1.0159789999999995,0.0010630000000000361
2019-05-02 19:48:00,0.0,0.0,10159.79,5.2,10159.79,0.0,1.0159789999999995,0.0010630000000000361
2019-05-02 19:49:00,31.290000000000003,-2320.0,12455.900000000001,7.8,10167.190000000002,0.0007283615114093145,1.0167189999999997,0.0003229999999998512
2019-05-02 19:50:00,31.31,-2317.0,12455.900000000001,7.8,10170.210000000001,0.00029703389038648886,1.0170209999999995,2.1000000000048757e-05
2019-05-02 19:51:00,31.6,-2320.0,12455.900000000001,7.8,10167.500000000002,-0.00026646450761580454,1.0167499999999996,0.00029199999999995896
2019-05-02 19:52:00,31.6,-2317.0,12455.900000000001,7.8,10170.500000000002,0.0002950577821489997,1.0170499999999996,0.0
2019-05-02 19:53:00,31.6,-2318.0,12455.900000000001,7.8,10169.500000000002,-9.832358291139709e-05,1.0169499999999996,9.999999999998899e-05
2019-05-02 19:54:00,31.319999999999997,-2318.0,12455.900000000001,7.8,10169.220000000001,-2.7533310388960786e-05,1.0169219999999994,0.000128000000000128
2019-05-02 19:55:00,31.319999999999997,-2318.0,12455.900000000001,7.8,10169.220000000001,0.0,1.0169219999999994,0.000128000000000128
2019-05-02 19:56:00,31.3,-2318.0,12455.900000000001,7.8,10169.2,-1.966719178070342e-06,1.0169199999999994,0.00013000000000018552
2019-05-02 19:57:00,31.3,-2315.0,12455.900000000001,7.8,10172.2,0.00029500845690910715,1.0172199999999993,0.0
2019-05-02 19:58:00,31.0,-2311.0,12455.900000000001,7.8,10175.900000000001,0.00036373645819010036,1.0175899999999996,0.0
2019-05-03 13:30:00,33.410000000000004,-2324.0,12455.900000000001,7.8,10165.310000000001,-0.0010406941892118216,1.0165309999999994,0.0010590000000001432
2019-05-03 13:31:00,31.81,-2325.0,12455.900000000001,7.8,10162.710000000001,-0.00025577183578273655,1.0162709999999993,0.0013190000000002922
2019-05-03 13:32:00,32.81,-2333.0,12455.900000000001,7.8,10155.710000000001,-0.0006887926547151091,1.0155709999999993,0.002019000000000215
2019-05-03 13:34:00,32.7,-2332.0,12455.900000000001,7.8,10156.600000000002,8.76354287391301e-05,1.0156599999999993,0.0019300000000002093
2019-05-03 13:35:00,32.65,-2336.0,12455.900000000001,7.8,10152.550000000001,-0.0003987554890416689,1.0152549999999994,0.002335000000000198
2019-05-03 13:41:00,31.009999999999998,-2284.0,12455.900000000001,7.8,10202.910000000002,0.004960330163358062,1.0202909999999994,0.0
2019-05-03 13:45:00,31.96,-2288.0,12455.900000000001,7.8,10199.86,-0.00029893432363914396,1.0199859999999994,0.0003049999999999997
2019-05-03 13:46:00,31.259999999999998,-2277.0,12455.900000000001,7.8,10210.160000000002,0.0010098177818127496,1.0210159999999995,0.0
2019-05-03 13:47:00,31.990000000000002,-2273.0,12455.900000000001,7.8,10214.890000000001,0.0004632640428750001,1.0214889999999996,0.0
2019-05-03 13:48:00,32.0,-2286.0,12455.900000000001,7.8,10201.900000000001,-0.0012716730185052816,1.0201899999999997,0.001298999999999939
2019-05-03 13:49:00,32.01,-2292.0,12455.900000000001,7.8,10195.910000000002,-0.0005871455317146834,1.0195909999999997,0.0018979999999999553
2019-05-03 13:50:00,32.6,-2304.0,12455.900000000001,7.8,10184.500000000002,-0.0011190761785853098,1.0184499999999996,0.003039000000000014
2019-05-03 13:51:00,31.3,-2306.0,12455.900000000001,7.8,10181.2,-0.00032402179783008744,1.0181199999999997,0.0033689999999999554
2019-05-03 13:59:00,31.330000000000002,-2312.0,12455.900000000001,7.8,10175.230000000001,-0.0005863748870466035,1.0175229999999997,0.003965999999999914
2019-05-03 14:00:00,31.990000000000002,-2309.0,12455.900000000001,7.8,10178.890000000001,0.0003596970289614365,1.0178889999999996,0.0036000000000000476
2019-05-03 14:01:00,0.0,0.0,10176.29,10.4,10176.29,-0.0002554306019615371,1.0176289999999997,0.0038599999999999746
2019-05-03 14:02:00,0.0,0.0,10176.29,10.4,10176.29,0.0,1.0176289999999997,0.0038599999999999746
2019-05-03 14:04:00,0.0,0.0,10176.29,10.4,10176.29,0.0,1.0176289999999997,0.0038599999999999746
2019-05-03 14:05:00,0.0,0.0,10176.29,10.4,10176.29,0.0,1.0176289999999997,0.0038599999999999746
2019-05-03 14:06:00,30.0,-2322.0,12466.68,13.000000000000002,10174.68,-0.0001582109000431986,1.0174679999999996,0.004021000000000052
2019-05-03 14:07:00,30.11,-2325.0,12466.68,13.000000000000002,10171.79,-0.0002840384169329191,1.0171789999999996,0.004310000000000036
2019-05-03 14:08:00,30.11,-2320.0,12466.68,13.000000000000002,10176.79,0.0004915555669160465,1.0176789999999998,0.003809999999999869
2019-05-03 14:09:00,30.11,-2327.0,12466.68,13.000000000000002,10169.79,-0.0006878396822573851,1.0169789999999999,0.004509999999999792
2019-05-03 14:10:00,30.12,-2325.0,12466.68,13.000000000000002,10171.800000000001,0.00019764419914269915,1.0171799999999998,0.004308999999999896
2019-05-03 14:11:00,30.930000000000003,-2327.0,12466.68,13.000000000000002,10170.61,-0.00011699010991172987,1.0170609999999998,0.0044279999999998765
2019-05-03 14:12:00,30.990000000000002,-2324.0,12466.68,13.000000000000002,10173.67,0.00030086690965425156,1.0173669999999997,0.004121999999999959
2019-05-03 14:13:00,30.9,-2323.0,12466.68,13.000000000000002,10174.58,8.944658122378435e-05,1.0174579999999995,0.004031000000000118
2019-05-03 14:15:00,30.97,-2327.0,12466.68,13.000000000000002,10170.65,-0.00038625673000758365,1.0170649999999994,0.0044240000000002055
2019-05-03 14:16:00,30.919999999999998,-2330.0,12466.68,13.000000000000002,10167.6,-0.0002998825050511966,1.0167599999999994,0.004729000000000205
2019-05-03 14:17:00,30.97,-2331.0,12466.68,13.000000000000002,10166.65,-9.343404539918776e-05,1.0166649999999993,0.0048240000000003835
2019-05-03 14:18:00,30.509999999999998,-2338.0,12466.68,13.000000000000002,10159.19,-0.0007337716947075634,1.0159189999999994,0.005570000000000297
2019-05-03 14:19:00,30.98,-2342.0,12466.68,13.000000000000002,10155.66,-0.00034746864661461263,1.0155659999999993,0.005923000000000345
2019-05-03 14:20:00,30.98,-2336.0,12466.68,13.000000000000002,10161.66,0.000590803551910879,1.0161659999999992,0.005323000000000411
2019-05-03 14:23:00,30.509999999999998,-2338.0,12466.68,13.000000000000002,10159.19,-0.00024307052194216805,1.0159189999999994,0.005570000000000297
2019-05-03 14:24:00,30.98,-2345.0,12466.68,13.000000000000002,10152.66,-0.0006427677797148368,1.0152659999999993,0.006223000000000312
2019-05-03 14:25:00,30.98,-2352.0,12466.68,13.000000000000002,10145.66,-0.0006894744825494126,1.0145659999999994,0.0069230000000002345
2019-05-03 14:26:00,30.509999999999998,-2348.0,12466.68,13.000000000000002,10149.19,0.00034793202216509833,1.0149189999999995,0.006570000000000187
2019-05-03 14:28:00,30.509999999999998,-2350.0,12466.68,13.000000000000002,10147.19,-0.0001970600609506601,1.0147189999999995,0.006770000000000165
2019-05-03 14:29:00,30.509999999999998,-2346.0,12466.68,13.000000000000002,10151.19,0.00039419780254434933,1.0151189999999994,0.006370000000000209
2019-05-03 14:30:00,30.509999999999998,-2339.0,12466.68,13.000000000000002,10158.19,0.0006895743257686604,1.0158189999999994,0.005670000000000286
2019-05-03 14:32:00,30.98,-2341.0,12466.68,13.000000000000002,10156.66,-0.0001506173836087754,1.0156659999999993,0.005823000000000356
2019-05-03 14:33:00,30.5,-2342.0,12466.68,13.000000000000002,10155.18,-0.0001457171944320157,1.0155179999999993,0.005971000000000393
2019-05-03 14:34:00,30.98,-2347.0,12466.68,13.000000000000002,10150.66,-0.0004450930461105118,1.0150659999999991,0.006423000000000512
2019-05-03 14:35:00,30.509999999999998,-2341.0,12466.68,13.000000000000002,10156.19,0.0005447921612979911,1.0156189999999992,0.005870000000000486
2019-05-03 14:37:00,30.98,-2342.0,12466.68,13.000000000000002,10155.66,-5.2184923677200956e-05,1.015565999999999,0.005923000000000567
2019-05-03 14:41:00,30.98,-2345.0,12466.68,13.000000000000002,10152.66,-0.0002954017759554395,1.0152659999999991,0.006223000000000534
2019-05-03 14:43:00,30.42,-2344.0,12466.68,13.000000000000002,10153.1,4.333839604608869e-05,1.0153099999999993,0.006179000000000379
2019-05-03 14:44:00,31.0,-2341.0,12466.68,13.000000000000002,10156.68,0.00035260166845585417,1.0156679999999991,0.00582100000000052
2019-05-03 14:45:00,31.009999999999998,-2344.0,12466.68,13.000000000000002,10153.69,-0.0002943875360845727,1.015368999999999,0.006120000000000569
2019-05-03 14:48:00,31.06,-2344.0,12466.68,13.000000000000002,10153.74,4.924318154131413e-06,1.0153739999999989,0.006115000000000759
2019-05-03 14:49:00,31.06,-2338.0,12466.68,13.000000000000002,10159.74,0.0005909152686596197,1.0159739999999988,0.005515000000000825
2019-05-03 14:51:00,30.98,-2334.0,12466.68,13.000000000000002,10163.66,0.0003858366454259077,1.0163659999999988,0.005123000000000877
2019-05-03 14:52:00,30.94,-2333.0,12466.68,13.000000000000002,10164.62,9.445416316578026e-05,1.0164619999999989,0.005027000000000781
2019-05-03 14:53:00,31.0,-2333.0,12466.68,13.000000000000002,10164.68,5.902827651116382e-06,1.0164679999999988,0.00502100000000083
2019-05-03 14:54:00,31.0,-2333.0,12466.68,13.000000000000002,10164.68,0.0,1.0164679999999988,0.00502100000000083
2019-05-03 14:55:00,30.509999999999998,-2331.0,12466.68,13.000000000000002,10166.19,0.00014855361900223407,1.0166189999999988,0.004870000000000818
2019-05-03 14:56:00,31.0,-2329.0,12466.68,13.000000000000002,10168.68,0.00024492951636756466,1.016867999999999,0.004621000000000652
2019-05-03 14:57:00,30.990000000000002,-2328.0,12466.68,13.000000000000002,10169.67,9.735776914987504e-05,1.0169669999999988,0.004522000000000803
2019-05-03 14:58:00,30.990000000000002,-2330.0,12466.68,13.000000000000002,10167.67,-0.00019666321522726626,1.0167669999999989,0.004722000000000781
2019-05-03 14:59:00,31.009999999999998,-2335.0,12466.68,13.000000000000002,10162.69,-0.00048978772914543,1.0162689999999988,0.005220000000000891
2019-05-03 15:00:00,31.0,-2331.0,12466.68,13.000000000000002,10166.68,0.0003926125858408902,1.0166679999999988,0.004821000000000852
2019-05-03 15:01:00,31.04,-2337.0,12466.68,13.000000000000002,10160.720000000001,-0.0005862287393720855,1.0160719999999988,0.005417000000000893
2019-05-03 15:02:00,31.019999999999996,-2342.0,12466.68,13.000000000000002,10155.7,-0.0004940594761001504,1.0155699999999988,0.005919000000000896
2019-05-03 15:03:00,31.0,-2340.0,12466.68,13.000000000000002,10157.68,0.0001949644042260612,1.0157679999999987,0.005721000000000975
2019-05-03 15:04:00,31.0,-2338.0,12466.68,13.000000000000002,10159.68,0.0001968953540572027,1.0159679999999986,0.005521000000000997
2019-05-03 15:05:00,31.0,-2336.0,12466.68,13.000000000000002,10161.68,0.00019685659390855648,1.0161679999999986,0.005321000000001019
2019-05-03 15:06:00,31.290000000000003,-2335.0,12466.68,13.000000000000002,10162.970000000001,0.00012694751261621562,1.016296999999999,0.005192000000000752
2019-05-03 15:07:00,0.0,0.0,10160.369999999999,15.600000000000003,10160.369999999999,-0.00025583072664803197,1.0160369999999987,0.005452000000000901
2019-05-03 15:08:00,0.0,0.0,10160.369999999999,15.600000000000003,10160.369999999999,0.0,1.0160369999999987,0.005452000000000901
2019-05-03 15:09:00,0.0,0.0,10160.369999999999,15.600000000000003,10160.369999999999,0.0,1.0160369999999987,0.005452000000000901
2019-05-03 15:10:00,0.0,0.0,10160.369999999999,15.600000000000003,10160.369999999999,0.0,1.0160369999999987,0.005452000000000901
2019-05-03 15:11:00,0.0,0.0,10160.369999999999,15.600000000000003,10160.369999999999,0.0,1.0160369999999987,0.005452000000000901
2019-05-03 15:12:00,0.0,0.0,10160.369999999999,15.600000000000003,10160.369999999999,0.0,1.0160369999999987,0.005452000000000901
2019-05-03 15:13:00,0.0,0.0,10160.369999999999,15.600000000000003,10160.369999999999,0.0,1.0160369999999987,0.005452000000000901
2019-05-03 15:14:00,0.0,0.0,10160.369999999999,15.600000000000003,10160.369999999999,0.0,1.0160369999999987,0.005452000000000901
2019-05-03 15:15:00,0.0,0.0,10160.369999999999,15.600000000000003,10160.369999999999,0.0,1.0160369999999987,0.005452000000000901
2019-05-03 15:16:00,0.0,0.0,10160.369999999999,15.600000000000003,10160.369999999999,0.0,1.0160369999999987,0.005452000000000901
2019-05-03 15:19:00,0.0,0.0,10160.369999999999,15.600000000000003,10160.369999999999,0.0,1.0160369999999987,0.005452000000000901
2019-05-03 15:20:00,0.0,0.0,10160.369999999999,15.600000000000003,10160.369999999999,0.0,1.0160369999999987,0.005452000000000901
2019-05-03 15:21:00,0.0,0.0,10160.369999999999,15.600000000000003,10160.369999999999,0.0,1.0160369999999987,0.005452000000000901
2019-05-03 15:22:00,0.0,0.0,10160.369999999999,15.600000000000003,10160.369999999999,0.0,1.0160369999999987,0.005452000000000901
2019-05-03 15:24:00,0.0,0.0,10160.369999999999,15.600000000000003,10160.369999999999,0.0,1.0160369999999987,0.005452000000000901
2019-05-03 15:25:00,0.0,0.0,10160.369999999999,15.600000000000003,10160.369999999999,0.0,1.0160369999999987,0.005452000000000901
2019-05-03 15:26:00,0.0,0.0,10160.369999999999,15.600000000000003,10160.369999999999,0.0,1.0160369999999987,0.005452000000000901
2019-05-03 15:27:00,0.0,0.0,10160.369999999999,15.600000000000003,10160.369999999999,0.0,1.0160369999999987,0.005452000000000901
2019-05-03 15:28:00,0.0,0.0,10160.369999999999,15.600000000000003,10160.369999999999,0.0,1.0160369999999987,0.005452000000000901
2019-05-03 15:29:00,0.0,0.0,10160.369999999999,15.600000000000003,10160.369999999999,0.0,1.0160369999999987,0.005452000000000901
2019-05-03 15:30:00,0.0,0.0,10160.369999999999,15.600000000000003,10160.369999999999,0.0,1.0160369999999987,0.005452000000000901
2019-05-03 15:32:00,0.0,0.0,10160.369999999999,15.600000000000003,10160.369999999999,0.0,1.0160369999999987,0.005452000000000901
2019-05-03 15:34:00,0.0,0.0,10160.369999999999,15.600000000000003,10160.369999999999,0.0,1.0160369999999987,0.005452000000000901
2019-05-03 15:35:00,0.0,0.0,10160.369999999999,15.600000000000003,10160.369999999999,0.0,1.0160369999999987,0.005452000000000901
2019-05-03 15:36:00,0.0,0.0,10160.369999999999,15.600000000000003,10160.369999999999,0.0,1.0160369999999987,0.005452000000000901
2019-05-03 15:37:00,0.0,0.0,10160.369999999999,15.600000000000003,10160.369999999999,0.0,1.0160369999999987,0.005452000000000901
2019-05-03 15:38:00,0.0,0.0,10160.369999999999,15.600000000000003,10160.369999999999,0.0,1.0160369999999987,0.005452000000000901
2019-05-03 15:39:00,0.0,0.0,10160.369999999999,15.600000000000003,10160.369999999999,0.0,1.0160369999999987,0.005452000000000901
2019-05-03 15:40:00,0.0,0.0,10160.369999999999,15.600000000000003,10160.369999999999,0.0,1.0160369999999987,0.005452000000000901
2019-05-03 15:41:00,0.0,0.0,10160.369999999999,15.600000000000003,10160.369999999999,0.0,1.0160369999999987,0.005452000000000901
2019-05-03 15:44:00,0.0,0.0,10160.369999999999,15.600000000000003,10160.369999999999,0.0,1.0160369999999987,0.005452000000000901
2019-05-03 15:45:00,0.0,0.0,10160.369999999999,15.600000000000003,10160.369999999999,0.0,1.0160369999999987,0.005452000000000901
2019-05-03 15:47:00,0.0,0.0,10160.369999999999,15.600000000000003,10160.369999999999,0.0,1.0160369999999987,0.005452000000000901
2019-05-03 15:50:00,0.0,0.0,10160.369999999999,15.600000000000003,10160.369999999999,0.0,1.0160369999999987,0.005452000000000901
2019-05-03 15:52:00,0.0,0.0,10160.369999999999,15.600000000000003,10160.369999999999,0.0,1.0160369999999987,0.005452000000000901
2019-05-03 15:53:00,0.0,0.0,10160.369999999999,15.600000000000003,10160.369999999999,0.0,1.0160369999999987,0.005452000000000901
2019-05-03 15:58:00,0.0,0.0,10160.369999999999,15.600000000000003,10160.369999999999,0.0,1.0160369999999987,0.005452000000000901
2019-05-03 15:59:00,0.0,0.0,10160.369999999999,15.600000000000003,10160.369999999999,0.0,1.0160369999999987,0.005452000000000901
2019-05-03 16:00:00,0.0,0.0,10160.369999999999,15.600000000000003,10160.369999999999,0.0,1.0160369999999987,0.005452000000000901
2019-05-03 16:03:00,0.0,0.0,10160.369999999999,15.600000000000003,10160.369999999999,0.0,1.0160369999999987,0.005452000000000901
2019-05-03 16:04:00,0.0,0.0,10160.369999999999,15.600000000000003,10160.369999999999,0.0,1.0160369999999987,0.005452000000000901
2019-05-03 16:05:00,0.0,0.0,10160.369999999999,15.600000000000003,10160.369999999999,0.0,1.0160369999999987,0.005452000000000901
2019-05-03 16:06:00,0.0,0.0,10160.369999999999,15.600000000000003,10160.369999999999,0.0,1.0160369999999987,0.005452000000000901
2019-05-03 16:07:00,0.0,0.0,10160.369999999999,15.600000000000003,10160.369999999999,0.0,1.0160369999999987,0.005452000000000901
2019-05-03 16:08:00,0.0,0.0,10160.369999999999,15.600000000000003,10160.369999999999,0.0,1.0160369999999987,0.005452000000000901
2019-05-03 16:09:00,0.0,0.0,10160.369999999999,15.600000000000003,10160.369999999999,0.0,1.0160369999999987,0.005452000000000901
2019-05-03 16:12:00,0.0,0.0,10160.369999999999,15.600000000000003,10160.369999999999,0.0,1.0160369999999987,0.005452000000000901
2019-05-03 16:13:00,0.0,0.0,10160.369999999999,15.600000000000003,10160.369999999999,0.0,1.0160369999999987,0.005452000000000901
2019-05-03 16:15:00,0.0,0.0,10160.369999999999,15.600000000000003,10160.369999999999,0.0,1.0160369999999987,0.005452000000000901
2019-05-03 16:18:00,0.0,0.0,10160.369999999999,15.600000000000003,10160.369999999999,0.0,1.0160369999999987,0.005452000000000901
2019-05-03 16:19:00,0.0,0.0,10160.369999999999,15.600000000000003,10160.369999999999,0.0,1.0160369999999987,0.005452000000000901
2019-05-03 16:20:00,0.0,0.0,10160.369999999999,15.600000000000003,10160.369999999999,0.0,1.0160369999999987,0.005452000000000901
2019-05-03 16:21:00,0.0,0.0,10160.369999999999,15.600000000000003,10160.369999999999,0.0,1.0160369999999987,0.005452000000000901
2019-05-03 16:23:00,0.0,0.0,10160.369999999999,15.600000000000003,10160.369999999999,0.0,1.0160369999999987,0.005452000000000901
2019-05-03 16:24:00,0.0,0.0,10160.369999999999,15.600000000000003,10160.369999999999,0.0,1.0160369999999987,0.005452000000000901
2019-05-03 16:25:00,0.0,0.0,10160.369999999999,15.600000000000003,10160.369999999999,0.0,1.0160369999999987,0.005452000000000901
2019-05-03 16:30:00,0.0,0.0,10160.369999999999,15.600000000000003,10160.369999999999,0.0,1.0160369999999987,0.005452000000000901
2019-05-03 16:32:00,0.0,0.0,10160.369999999999,15.600000000000003,10160.369999999999,0.0,1.0160369999999987,0.005452000000000901
2019-05-03 16:33:00,0.0,0.0,10160.369999999999,15.600000000000003,10160.369999999999,0.0,1.0160369999999987,0.005452000000000901
2019-05-03 16:34:00,0.0,0.0,10160.369999999999,15.600000000000003,10160.369999999999,0.0,1.0160369999999987,0.005452000000000901
2019-05-03 16:35:00,0.0,0.0,10160.369999999999,15.600000000000003,10160.369999999999,0.0,1.0160369999999987,0.005452000000000901
2019-05-03 16:36:00,0.0,0.0,10160.369999999999,15.600000000000003,10160.369999999999,0.0,1.0160369999999987,0.005452000000000901
2019-05-03 16:38:00,0.0,0.0,10160.369999999999,15.600000000000003,10160.369999999999,0.0,1.0160369999999987,0.005452000000000901
2019-05-03 16:39:00,0.0,0.0,10160.369999999999,15.600000000000003,10160.369999999999,0.0,1.0160369999999987,0.005452000000000901
2019-05-03 16:42:00,0.0,0.0,10160.369999999999,15.600000000000003,10160.369999999999,0.0,1.0160369999999987,0.005452000000000901
2019-05-03 16:45:00,0.0,0.0,10160.369999999999,15.600000000000003,10160.369999999999,0.0,1.0160369999999987,0.005452000000000901
2019-05-03 16:50:00,0.0,0.0,10160.369999999999,15.600000000000003,10160.369999999999,0.0,1.0160369999999987,0.005452000000000901
2019-05-03 16:51:00,0.0,0.0,10160.369999999999,15.600000000000003,10160.369999999999,0.0,1.0160369999999987,0.005452000000000901
2019-05-03 16:52:00,0.0,0.0,10160.369999999999,15.600000000000003,10160.369999999999,0.0,1.0160369999999987,0.005452000000000901
2019-05-03 16:53:00,0.0,0.0,10160.369999999999,15.600000000000003,10160.369999999999,0.0,1.0160369999999987,0.005452000000000901
2019-05-03 16:54:00,0.0,0.0,10160.369999999999,15.600000000000003,10160.369999999999,0.0,1.0160369999999987,0.005452000000000901
2019-05-03 16:57:00,0.0,0.0,10160.369999999999,15.600000000000003,10160.369999999999,0.0,1.0160369999999987,0.005452000000000901
2019-05-03 16:59:00,0.0,0.0,10160.369999999999,15.600000000000003,10160.369999999999,0.0,1.0160369999999987,0.005452000000000901
2019-05-03 17:00:00,0.0,0.0,10160.369999999999,15.600000000000003,10160.369999999999,0.0,1.0160369999999987,0.005452000000000901
2019-05-03 17:01:00,0.0,0.0,10160.369999999999,15.600000000000003,10160.369999999999,0.0,1.0160369999999987,0.005452000000000901
2019-05-03 17:02:00,0.0,0.0,10160.369999999999,15.600000000000003,10160.369999999999,0.0,1.0160369999999987,0.005452000000000901
2019-05-03 17:05:00,0.0,0.0,10160.369999999999,15.600000000000003,10160.369999999999,0.0,1.0160369999999987,0.005452000000000901
2019-05-03 17:06:00,0.0,0.0,10160.369999999999,15.600000000000003,10160.369999999999,0.0,1.0160369999999987,0.005452000000000901
2019-05-03 17:07:00,0.0,0.0,10160.369999999999,15.600000000000003,10160.369999999999,0.0,1.0160369999999987,0.005452000000000901
2019-05-03 17:08:00,0.0,0.0,10160.369999999999,15.600000000000003,10160.369999999999,0.0,1.0160369999999987,0.005452000000000901
2019-05-03 17:10:00,0.0,0.0,10160.369999999999,15.600000000000003,10160.369999999999,0.0,1.0160369999999987,0.005452000000000901
2019-05-03 17:15:00,0.0,0.0,10160.369999999999,15.600000000000003,10160.369999999999,0.0,1.0160369999999987,0.005452000000000901
2019-05-03 17:19:00,0.0,0.0,10160.369999999999,15.600000000000003,10160.369999999999,0.0,1.0160369999999987,0.005452000000000901
2019-05-03 17:21:00,0.0,0.0,10160.369999999999,15.600000000000003,10160.369999999999,0.0,1.0160369999999987,0.005452000000000901
2019-05-03 17:22:00,0.0,0.0,10160.369999999999,15.600000000000003,10160.369999999999,0.0,1.0160369999999987,0.005452000000000901
2019-05-03 17:24:00,0.0,0.0,10160.369999999999,15.600000000000003,10160.369999999999,0.0,1.0160369999999987,0.005452000000000901
2019-05-03 17:26:00,0.0,0.0,10160.369999999999,15.600000000000003,10160.369999999999,0.0,1.0160369999999987,0.005452000000000901
2019-05-03 17:28:00,0.0,0.0,10160.369999999999,15.600000000000003,10160.369999999999,0.0,1.0160369999999987,0.005452000000000901
2019-05-03 17:29:00,0.0,0.0,10160.369999999999,15.600000000000003,10160.369999999999,0.0,1.0160369999999987,0.005452000000000901
2019-05-03 17:30:00,0.0,0.0,10160.369999999999,15.600000000000003,10160.369999999999,0.0,1.0160369999999987,0.005452000000000901
2019-05-03 17:31:00,0.0,0.0,10160.369999999999,15.600000000000003,10160.369999999999,0.0,1.0160369999999987,0.005452000000000901
2019-05-03 17:32:00,0.0,0.0,10160.369999999999,15.600000000000003,10160.369999999999,0.0,1.0160369999999987,0.005452000000000901
2019-05-03 17:37:00,0.0,0.0,10160.369999999999,15.600000000000003,10160.369999999999,0.0,1.0160369999999987,0.005452000000000901
2019-05-03 17:38:00,0.0,0.0,10160.369999999999,15.600000000000003,10160.369999999999,0.0,1.0160369999999987,0.005452000000000901
2019-05-03 17:40:00,0.0,0.0,10160.369999999999,15.600000000000003,10160.369999999999,0.0,1.0160369999999987,0.005452000000000901
2019-05-03 17:42:00,0.0,0.0,10160.369999999999,15.600000000000003,10160.369999999999,0.0,1.0160369999999987,0.005452000000000901
2019-05-03 17:43:00,0.0,0.0,10160.369999999999,15.600000000000003,10160.369999999999,0.0,1.0160369999999987,0.005452000000000901
2019-05-03 17:44:00,0.0,0.0,10160.369999999999,15.600000000000003,10160.369999999999,0.0,1.0160369999999987,0.005452000000000901
2019-05-03 17:49:00,0.0,0.0,10160.369999999999,15.600000000000003,10160.369999999999,0.0,1.0160369999999987,0.005452000000000901
2019-05-03 17:50:00,0.0,0.0,10160.369999999999,15.600000000000003,10160.369999999999,0.0,1.0160369999999987,0.005452000000000901
2019-05-03 17:51:00,0.0,0.0,10160.369999999999,15.600000000000003,10160.369999999999,0.0,1.0160369999999987,0.005452000000000901
2019-05-03 17:52:00,0.0,0.0,10160.369999999999,15.600000000000003,10160.369999999999,0.0,1.0160369999999987,0.005452000000000901
2019-05-03 17:53:00,0.0,0.0,10160.369999999999,15.600000000000003,10160.369999999999,0.0,1.0160369999999987,0.005452000000000901
2019-05-03 17:54:00,0.0,0.0,10160.369999999999,15.600000000000003,10160.369999999999,0.0,1.0160369999999987,0.005452000000000901
2019-05-03 17:55:00,0.0,0.0,10160.369999999999,15.600000000000003,10160.369999999999,0.0,1.0160369999999987,0.005452000000000901
2019-05-03 17:56:00,0.0,0.0,10160.369999999999,15.600000000000003,10160.369999999999,0.0,1.0160369999999987,0.005452000000000901
2019-05-03 17:57:00,0.0,0.0,10160.369999999999,15.600000000000003,10160.369999999999,0.0,1.0160369999999987,0.005452000000000901
2019-05-03 17:59:00,0.0,0.0,10160.369999999999,15.600000000000003,10160.369999999999,0.0,1.0160369999999987,0.005452000000000901
2019-05-03 18:00:00,0.0,0.0,10160.369999999999,15.600000000000003,10160.369999999999,0.0,1.0160369999999987,0.005452000000000901
2019-05-03 18:02:00,0.0,0.0,10160.369999999999,15.600000000000003,10160.369999999999,0.0,1.0160369999999987,0.005452000000000901
2019-05-03 18:03:00,0.0,0.0,10160.369999999999,15.600000000000003,10160.369999999999,0.0,1.0160369999999987,0.005452000000000901
2019-05-03 18:04:00,0.0,0.0,10160.369999999999,15.600000000000003,10160.369999999999,0.0,1.0160369999999987,0.005452000000000901
2019-05-03 18:05:00,0.0,0.0,10160.369999999999,15.600000000000003,10160.369999999999,0.0,1.0160369999999987,0.005452000000000901
2019-05-03 18:07:00,0.0,0.0,10160.369999999999,15.600000000000003,10160.369999999999,0.0,1.0160369999999987,0.005452000000000901
2019-05-03 18:09:00,0.0,0.0,10160.369999999999,15.600000000000003,10160.369999999999,0.0,1.0160369999999987,0.005452000000000901
2019-05-03 18:10:00,0.0,0.0,10160.369999999999,15.600000000000003,10160.369999999999,0.0,1.0160369999999987,0.005452000000000901
2019-05-03 18:11:00,0.0,0.0,10160.369999999999,15.600000000000003,10160.369999999999,0.0,1.0160369999999987,0.005452000000000901
2019-05-03 18:12:00,0.0,0.0,10160.369999999999,15.600000000000003,10160.369999999999,0.0,1.0160369999999987,0.005452000000000901
2019-05-03 18:14:00,0.0,0.0,10160.369999999999,15.600000000000003,10160.369999999999,0.0,1.0160369999999987,0.005452000000000901
2019-05-03 18:15:00,0.0,0.0,10160.369999999999,15.600000000000003,10160.369999999999,0.0,1.0160369999999987,0.005452000000000901
2019-05-03 18:16:00,0.0,0.0,10160.369999999999,15.600000000000003,10160.369999999999,0.0,1.0160369999999987,0.005452000000000901
2019-05-03 18:17:00,0.0,0.0,10160.369999999999,15.600000000000003,10160.369999999999,0.0,1.0160369999999987,0.005452000000000901
2019-05-03 18:18:00,0.0,0.0,10160.369999999999,15.600000000000003,10160.369999999999,0.0,1.0160369999999987,0.005452000000000901
2019-05-03 18:21:00,0.0,0.0,10160.369999999999,15.600000000000003,10160.369999999999,0.0,1.0160369999999987,0.005452000000000901
2019-05-03 18:23:00,0.0,0.0,10160.369999999999,15.600000000000003,10160.369999999999,0.0,1.0160369999999987,0.005452000000000901
2019-05-03 18:24:00,0.0,0.0,10160.369999999999,15.600000000000003,10160.369999999999,0.0,1.0160369999999987,0.005452000000000901
2019-05-03 18:27:00,0.0,0.0,10160.369999999999,15.600000000000003,10160.369999999999,0.0,1.0160369999999987,0.005452000000000901
2019-05-03 18:29:00,0.0,0.0,10160.369999999999,15.600000000000003,10160.369999999999,0.0,1.0160369999999987,0.005452000000000901
2019-05-03 18:30:00,0.0,0.0,10160.369999999999,15.600000000000003,10160.369999999999,0.0,1.0160369999999987,0.005452000000000901
2019-05-03 18:31:00,0.0,0.0,10160.369999999999,15.600000000000003,10160.369999999999,0.0,1.0160369999999987,0.005452000000000901
2019-05-03 18:33:00,0.0,0.0,10160.369999999999,15.600000000000003,10160.369999999999,0.0,1.0160369999999987,0.005452000000000901
2019-05-03 18:34:00,0.0,0.0,10160.369999999999,15.600000000000003,10160.369999999999,0.0,1.0160369999999987,0.005452000000000901
2019-05-03 18:37:00,0.0,0.0,10160.369999999999,15.600000000000003,10160.369999999999,0.0,1.0160369999999987,0.005452000000000901
2019-05-03 18:40:00,0.0,0.0,10160.369999999999,15.600000000000003,10160.369999999999,0.0,1.0160369999999987,0.005452000000000901
2019-05-03 18:41:00,0.0,0.0,10160.369999999999,15.600000000000003,10160.369999999999,0.0,1.0160369999999987,0.005452000000000901
2019-05-03 18:42:00,0.0,0.0,10160.369999999999,15.600000000000003,10160.369999999999,0.0,1.0160369999999987,0.005452000000000901
2019-05-03 18:43:00,0.0,0.0,10160.369999999999,15.600000000000003,10160.369999999999,0.0,1.0160369999999987,0.005452000000000901
2019-05-03 18:45:00,0.0,0.0,10160.369999999999,15.600000000000003,10160.369999999999,0.0,1.0160369999999987,0.005452000000000901
2019-05-03 18:48:00,0.0,0.0,10160.369999999999,15.600000000000003,10160.369999999999,0.0,1.0160369999999987,0.005452000000000901
2019-05-03 18:50:00,0.0,0.0,10160.369999999999,15.600000000000003,10160.369999999999,0.0,1.0160369999999987,0.005452000000000901
2019-05-03 18:51:00,0.0,0.0,10160.369999999999,15.600000000000003,10160.369999999999,0.0,1.0160369999999987,0.005452000000000901
2019-05-03 18:52:00,0.0,0.0,10160.369999999999,15.600000000000003,10160.369999999999,0.0,1.0160369999999987,0.005452000000000901
2019-05-03 18:54:00,0.0,0.0,10160.369999999999,15.600000000000003,10160.369999999999,0.0,1.0160369999999987,0.005452000000000901
2019-05-03 18:57:00,0.0,0.0,10160.369999999999,15.600000000000003,10160.369999999999,0.0,1.0160369999999987,0.005452000000000901
2019-05-03 19:02:00,0.0,0.0,10160.369999999999,15.600000000000003,10160.369999999999,0.0,1.0160369999999987,0.005452000000000901
2019-05-03 19:03:00,0.0,0.0,10160.369999999999,15.600000000000003,10160.369999999999,0.0,1.0160369999999987,0.005452000000000901
2019-05-03 19:05:00,0.0,0.0,10160.369999999999,15.600000000000003,10160.369999999999,0.0,1.0160369999999987,0.005452000000000901
2019-05-03 19:06:00,0.0,0.0,10160.369999999999,15.600000000000003,10160.369999999999,0.0,1.0160369999999987,0.005452000000000901
2019-05-03 19:07:00,0.0,0.0,10160.369999999999,15.600000000000003,10160.369999999999,0.0,1.0160369999999987,0.005452000000000901
2019-05-03 19:09:00,0.0,0.0,10160.369999999999,15.600000000000003,10160.369999999999,0.0,1.0160369999999987,0.005452000000000901
2019-05-03 19:10:00,0.0,0.0,10160.369999999999,15.600000000000003,10160.369999999999,0.0,1.0160369999999987,0.005452000000000901
2019-05-03 19:11:00,0.0,0.0,10160.369999999999,15.600000000000003,10160.369999999999,0.0,1.0160369999999987,0.005452000000000901
2019-05-03 19:12:00,0.0,0.0,10160.369999999999,15.600000000000003,10160.369999999999,0.0,1.0160369999999987,0.005452000000000901
2019-05-03 19:14:00,0.0,0.0,10160.369999999999,15.600000000000003,10160.369999999999,0.0,1.0160369999999987,0.005452000000000901
2019-05-03 19:15:00,0.0,0.0,10160.369999999999,15.600000000000003,10160.369999999999,0.0,1.0160369999999987,0.005452000000000901
2019-05-03 19:16:00,0.0,0.0,10160.369999999999,15.600000000000003,10160.369999999999,0.0,1.0160369999999987,0.005452000000000901
2019-05-03 19:17:00,0.0,0.0,10160.369999999999,15.600000000000003,10160.369999999999,0.0,1.0160369999999987,0.005452000000000901
2019-05-03 19:18:00,28.999999999999996,-2335.0,12465.77,18.200000000000003,10159.77,-5.9052967559147795e-05,1.0159769999999988,0.0055120000000008496
2019-05-03 19:19:00,28.6,-2334.0,12465.77,18.200000000000003,10160.37,5.905645501824708e-05,1.016036999999999,0.0054520000000006785
2019-05-03 19:20:00,28.999999999999996,-2337.0,12465.77,18.200000000000003,10157.77,-0.0002558961927567882,1.015776999999999,0.0057120000000006055
2019-05-03 19:21:00,28.67,-2346.0,12465.77,18.200000000000003,10148.44,-0.0009185086884226923,1.0148439999999992,0.006645000000000456
2019-05-03 19:22:00,28.999999999999996,-2347.0,12465.77,18.200000000000003,10147.77,-6.601999913291579e-05,1.0147769999999992,0.006712000000000495
2019-05-03 19:23:00,28.999999999999996,-2351.0,12465.77,18.200000000000003,10143.77,-0.00039417527200558133,1.0143769999999992,0.007112000000000451
2019-05-03 19:24:00,29.14,-2350.0,12465.77,18.200000000000003,10144.91,0.0001123842516144169,1.0144909999999991,0.006998000000000504
2019-05-03 19:25:00,29.98,-2352.0,12465.77,18.200000000000003,10143.75,-0.0001143430547929647,1.0143749999999991,0.007114000000000509
2019-05-03 19:26:00,30.0,-2353.0,12465.77,18.200000000000003,10142.77,-9.661121380155624e-05,1.0142769999999992,0.00721200000000044
2019-05-03 19:28:00,30.0,-2358.0,12465.77,18.200000000000003,10137.77,-0.0004929619817860553,1.0137769999999993,0.007712000000000385
2019-05-03 19:29:00,29.53,-2351.0,12465.77,18.200000000000003,10144.300000000001,0.0006441258777818426,1.0144299999999993,0.0070590000000003705
2019-05-03 19:30:00,29.549999999999997,-2356.0,12465.77,18.200000000000003,10139.32,-0.0004909160809519753,1.0139319999999992,0.00755700000000048
2019-05-03 19:31:00,29.459999999999997,-2354.0,12465.77,18.200000000000003,10141.23,0.00018837555181216992,1.0141229999999992,0.007366000000000428
2019-05-03 19:32:00,29.5,-2355.0,12465.77,18.200000000000003,10140.27,-9.466307341410296e-05,1.0140269999999993,0.007462000000000302
2019-05-03 19:34:00,29.45,-2359.0,12465.77,18.200000000000003,10136.220000000001,-0.00039939764917495957,1.0136219999999994,0.00786700000000029
2019-05-03 19:35:00,29.5,-2357.0,12465.77,18.200000000000003,10138.27,0.00020224501835985897,1.0138269999999994,0.00766200000000028
2019-05-03 19:36:00,29.5,-2358.0,12465.77,18.200000000000003,10137.27,-9.863615784544422e-05,1.0137269999999994,0.007762000000000269
2019-05-03 19:37:00,29.360000000000003,-2357.0,12465.77,18.200000000000003,10138.130000000001,8.483546359139282e-05,1.0138129999999994,0.007676000000000238
2019-05-03 19:38:00,29.360000000000003,-2355.0,12465.77,18.200000000000003,10140.130000000001,0.0001972750398742118,1.0140129999999994,0.00747600000000026
2019-05-03 19:39:00,28.99,-2353.0,12465.77,18.200000000000003,10141.76,0.00016074744603855606,1.0141759999999993,0.007313000000000347
2019-05-03 19:40:00,28.59,-2356.0,12465.77,18.200000000000003,10138.36,-0.0003352475310004488,1.0138359999999993,0.007653000000000354
2019-05-03 19:41:00,28.82,-2356.0,12465.77,18.200000000000003,10138.59,2.268611491396122e-05,1.0138589999999992,0.00763000000000047
2019-05-03 19:42:00,28.82,-2355.0,12465.77,18.200000000000003,10139.59,9.863304463442191e-05,1.0139589999999992,0.007530000000000481
2019-05-03 19:43:00,28.6,-2352.0,12465.77,18.200000000000003,10142.37,0.0002741728215835959,1.0142369999999992,0.00725200000000048
2019-05-03 19:44:00,28.6,-2352.0,12465.77,18.200000000000003,10142.37,0.0,1.0142369999999992,0.00725200000000048
2019-05-03 19:45:00,28.000000000000004,-2350.0,12465.77,18.200000000000003,10143.77,0.00013803479857266154,1.0143769999999992,0.007112000000000451
2019-05-03 19:46:00,28.01,-2350.0,12465.77,18.200000000000003,10143.78,9.858267686624345e-07,1.0143779999999993,0.0071110000000003115
2019-05-03 19:47:00,28.01,-2349.0,12465.77,18.200000000000003,10144.78,9.858257966954831e-05,1.0144779999999993,0.0070110000000003225
2019-05-03 19:48:00,28.4,-2350.0,12465.77,18.200000000000003,10144.17,-6.012944588251745e-05,1.0144169999999992,0.007072000000000411
2019-05-03 19:49:00,28.1,-2351.0,12465.77,18.200000000000003,10142.87,-0.00012815242646757596,1.0142869999999993,0.007202000000000375
2019-05-03 19:50:00,28.7,-2354.0,12465.77,18.200000000000003,10140.470000000001,-0.00023661941836972122,1.0140469999999993,0.007442000000000393
2019-05-03 19:51:00,28.51,-2353.0,12465.77,18.200000000000003,10141.28,7.98779543749184e-05,1.0141279999999993,0.007361000000000395
2019-05-03 19:52:00,28.52,-2353.0,12465.77,18.200000000000003,10141.29,9.860688197083078e-07,1.0141289999999992,0.007360000000000477
2019-05-03 19:53:00,28.52,-2353.0,12465.77,18.200000000000003,10141.29,0.0,1.0141289999999992,0.007360000000000477
2019-05-03 19:54:00,28.51,-2355.0,12465.77,18.200000000000003,10139.28,-0.00019819963732425894,1.013927999999999,0.007561000000000595
2019-05-03 19:55:00,28.52,-2355.0,12465.77,18.200000000000003,10139.29,9.862633243429286e-07,1.013928999999999,0.007560000000000677
2019-05-03 19:56:00,28.51,-2350.0,12465.77,18.200000000000003,10144.28,0.0004921449134998035,1.014427999999999,0.00706100000000065
2019-05-03 19:57:00,28.52,-2350.0,12465.77,18.200000000000003,10144.29,9.857772065302584e-07,1.0144289999999991,0.00706000000000051
2019-05-03 19:58:00,28.52,-2353.0,12465.77,18.200000000000003,10141.29,-0.0002957328704128459,1.0141289999999992,0.007360000000000477
2019-05-03 19:59:00,30.98,-2353.0,12465.77,18.200000000000003,10143.75,0.00024257269045646623,1.0143749999999991,0.007114000000000509
2019-05-06 13:30:00,29.04,-2300.0,12465.77,18.200000000000003,10194.810000000001,0.005033641404806,1.0194809999999992,0.002008000000000454
2019-05-06 13:31:00,0.0,0.0,10192.21,20.800000000000004,10192.21,-0.00025503172692797893,1.0192209999999988,0.002268000000000825
2019-05-06 13:32:00,0.0,0.0,10192.21,20.800000000000004,10192.21,0.0,1.0192209999999988,0.002268000000000825
2019-05-06 13:33:00,0.0,0.0,10192.21,20.800000000000004,10192.21,0.0,1.0192209999999988,0.002268000000000825
2019-05-06 13:34:00,0.0,0.0,10192.21,20.800000000000004,10192.21,0.0,1.0192209999999988,0.002268000000000825
2019-05-06 13:35:00,0.0,0.0,10192.21,20.800000000000004,10192.21,0.0,1.0192209999999988,0.002268000000000825
2019-05-06 13:36:00,0.0,0.0,10192.21,20.800000000000004,10192.21,0.0,1.0192209999999988,0.002268000000000825
2019-05-06 13:37:00,0.0,0.0,10192.21,20.800000000000004,10192.21,0.0,1.0192209999999988,0.002268000000000825
2019-05-06 13:38:00,0.0,0.0,10192.21,20.800000000000004,10192.21,0.0,1.0192209999999988,0.002268000000000825
2019-05-06 13:39:00,0.0,0.0,10192.21,20.800000000000004,10192.21,0.0,1.0192209999999988,0.002268000000000825
2019-05-06 13:40:00,0.0,0.0,10192.21,20.800000000000004,10192.21,0.0,1.0192209999999988,0.002268000000000825
2019-05-06 13:42:00,0.0,0.0,10192.21,20.800000000000004,10192.21,0.0,1.0192209999999988,0.002268000000000825
2019-05-06 13:43:00,0.0,0.0,10192.21,20.800000000000004,10192.21,0.0,1.0192209999999988,0.002268000000000825
2019-05-06 13:46:00,0.0,0.0,10192.21,20.800000000000004,10192.21,0.0,1.0192209999999988,0.002268000000000825
2019-05-06 13:47:00,0.0,0.0,10192.21,20.800000000000004,10192.21,0.0,1.0192209999999988,0.002268000000000825
2019-05-06 13:48:00,0.0,0.0,10192.21,20.800000000000004,10192.21,0.0,1.0192209999999988,0.002268000000000825
2019-05-06 13:51:00,0.0,0.0,10192.21,20.800000000000004,10192.21,0.0,1.0192209999999988,0.002268000000000825
2019-05-06 13:52:00,0.0,0.0,10192.21,20.800000000000004,10192.21,0.0,1.0192209999999988,0.002268000000000825
2019-05-06 13:57:00,0.0,0.0,10192.21,20.800000000000004,10192.21,0.0,1.0192209999999988,0.002268000000000825
2019-05-06 14:03:00,0.0,0.0,10192.21,20.800000000000004,10192.21,0.0,1.0192209999999988,0.002268000000000825
2019-05-06 14:04:00,0.0,0.0,10192.21,20.800000000000004,10192.21,0.0,1.0192209999999988,0.002268000000000825
2019-05-06 14:05:00,0.0,0.0,10192.21,20.800000000000004,10192.21,0.0,1.0192209999999988,0.002268000000000825
2019-05-06 14:07:00,0.0,0.0,10192.21,20.800000000000004,10192.21,0.0,1.0192209999999988,0.002268000000000825
2019-05-06 14:08:00,0.0,0.0,10192.21,20.800000000000004,10192.21,0.0,1.0192209999999988,0.002268000000000825
2019-05-06 14:09:00,0.0,0.0,10192.21,20.800000000000004,10192.21,0.0,1.0192209999999988,0.002268000000000825
2019-05-06 14:10:00,0.0,0.0,10192.21,20.800000000000004,10192.21,0.0,1.0192209999999988,0.002268000000000825
2019-05-06 14:11:00,0.0,0.0,10192.21,20.800000000000004,10192.21,0.0,1.0192209999999988,0.002268000000000825
2019-05-06 14:14:00,0.0,0.0,10192.21,20.800000000000004,10192.21,0.0,1.0192209999999988,0.002268000000000825
2019-05-06 14:15:00,0.0,0.0,10192.21,20.800000000000004,10192.21,0.0,1.0192209999999988,0.002268000000000825
2019-05-06 14:17:00,0.0,0.0,10192.21,20.800000000000004,10192.21,0.0,1.0192209999999988,0.002268000000000825
2019-05-06 14:19:00,0.0,0.0,10192.21,20.800000000000004,10192.21,0.0,1.0192209999999988,0.002268000000000825
2019-05-06 14:22:00,0.0,0.0,10192.21,20.800000000000004,10192.21,0.0,1.0192209999999988,0.002268000000000825
2019-05-06 14:23:00,0.0,0.0,10192.21,20.800000000000004,10192.21,0.0,1.0192209999999988,0.002268000000000825
2019-05-06 14:27:00,0.0,0.0,10192.21,20.800000000000004,10192.21,0.0,1.0192209999999988,0.002268000000000825
2019-05-06 14:28:00,0.0,0.0,10192.21,20.800000000000004,10192.21,0.0,1.0192209999999988,0.002268000000000825
2019-05-06 14:30:00,0.0,0.0,10192.21,20.800000000000004,10192.21,0.0,1.0192209999999988,0.002268000000000825
2019-05-06 14:31:00,0.0,0.0,10192.21,20.800000000000004,10192.21,0.0,1.0192209999999988,0.002268000000000825
2019-05-06 14:34:00,0.0,0.0,10192.21,20.800000000000004,10192.21,0.0,1.0192209999999988,0.002268000000000825
2019-05-06 14:35:00,0.0,0.0,10192.21,20.800000000000004,10192.21,0.0,1.0192209999999988,0.002268000000000825
2019-05-06 14:36:00,0.0,0.0,10192.21,20.800000000000004,10192.21,0.0,1.0192209999999988,0.002268000000000825
2019-05-06 14:41:00,0.0,0.0,10192.21,20.800000000000004,10192.21,0.0,1.0192209999999988,0.002268000000000825
2019-05-06 14:45:00,0.0,0.0,10192.21,20.800000000000004,10192.21,0.0,1.0192209999999988,0.002268000000000825
2019-05-06 14:46:00,0.0,0.0,10192.21,20.800000000000004,10192.21,0.0,1.0192209999999988,0.002268000000000825
2019-05-06 14:49:00,0.0,0.0,10192.21,20.800000000000004,10192.21,0.0,1.0192209999999988,0.002268000000000825
2019-05-06 14:50:00,0.0,0.0,10192.21,20.800000000000004,10192.21,0.0,1.0192209999999988,0.002268000000000825
2019-05-06 14:52:00,0.0,0.0,10192.21,20.800000000000004,10192.21,0.0,1.0192209999999988,0.002268000000000825
2019-05-06 14:53:00,0.0,0.0,10192.21,20.800000000000004,10192.21,0.0,1.0192209999999988,0.002268000000000825
2019-05-06 14:55:00,0.0,0.0,10192.21,20.800000000000004,10192.21,0.0,1.0192209999999988,0.002268000000000825
2019-05-06 15:04:00,0.0,0.0,10192.21,20.800000000000004,10192.21,0.0,1.0192209999999988,0.002268000000000825
2019-05-06 15:06:00,0.0,0.0,10192.21,20.800000000000004,10192.21,0.0,1.0192209999999988,0.002268000000000825
2019-05-06 15:08:00,0.0,0.0,10192.21,20.800000000000004,10192.21,0.0,1.0192209999999988,0.002268000000000825
2019-05-06 15:09:00,0.0,0.0,10192.21,20.800000000000004,10192.21,0.0,1.0192209999999988,0.002268000000000825
2019-05-06 15:12:00,0.0,0.0,10192.21,20.800000000000004,10192.21,0.0,1.0192209999999988,0.002268000000000825
2019-05-06 15:13:00,0.0,0.0,10192.21,20.800000000000004,10192.21,0.0,1.0192209999999988,0.002268000000000825
2019-05-06 15:22:00,0.0,0.0,10192.21,20.800000000000004,10192.21,0.0,1.0192209999999988,0.002268000000000825
2019-05-06 15:23:00,0.0,0.0,10192.21,20.800000000000004,10192.21,0.0,1.0192209999999988,0.002268000000000825
2019-05-06 15:25:00,0.0,0.0,10192.21,20.800000000000004,10192.21,0.0,1.0192209999999988,0.002268000000000825
2019-05-06 15:27:00,0.0,0.0,10192.21,20.800000000000004,10192.21,0.0,1.0192209999999988,0.002268000000000825
2019-05-06 15:30:00,0.0,0.0,10192.21,20.800000000000004,10192.21,0.0,1.0192209999999988,0.002268000000000825
2019-05-06 15:34:00,0.0,0.0,10192.21,20.800000000000004,10192.21,0.0,1.0192209999999988,0.002268000000000825
2019-05-06 15:35:00,0.0,0.0,10192.21,20.800000000000004,10192.21,0.0,1.0192209999999988,0.002268000000000825
2019-05-06 15:36:00,0.0,0.0,10192.21,20.800000000000004,10192.21,0.0,1.0192209999999988,0.002268000000000825
2019-05-06 15:37:00,0.0,0.0,10192.21,20.800000000000004,10192.21,0.0,1.0192209999999988,0.002268000000000825
2019-05-06 15:38:00,0.0,0.0,10192.21,20.800000000000004,10192.21,0.0,1.0192209999999988,0.002268000000000825
2019-05-06 15:40:00,0.0,0.0,10192.21,20.800000000000004,10192.21,0.0,1.0192209999999988,0.002268000000000825
2019-05-06 15:41:00,0.0,0.0,10192.21,20.800000000000004,10192.21,0.0,1.0192209999999988,0.002268000000000825
2019-05-06 15:42:00,0.0,0.0,10192.21,20.800000000000004,10192.21,0.0,1.0192209999999988,0.002268000000000825
2019-05-06 15:43:00,0.0,0.0,10192.21,20.800000000000004,10192.21,0.0,1.0192209999999988,0.002268000000000825
2019-05-06 15:44:00,0.0,0.0,10192.21,20.800000000000004,10192.21,0.0,1.0192209999999988,0.002268000000000825
2019-05-06 15:46:00,0.0,0.0,10192.21,20.800000000000004,10192.21,0.0,1.0192209999999988,0.002268000000000825
2019-05-06 15:53:00,0.0,0.0,10192.21,20.800000000000004,10192.21,0.0,1.0192209999999988,0.002268000000000825
2019-05-06 15:54:00,0.0,0.0,10192.21,20.800000000000004,10192.21,0.0,1.0192209999999988,0.002268000000000825
2019-05-06 15:55:00,0.0,0.0,10192.21,20.800000000000004,10192.21,0.0,1.0192209999999988,0.002268000000000825
2019-05-06 15:57:00,0.0,0.0,10192.21,20.800000000000004,10192.21,0.0,1.0192209999999988,0.002268000000000825
2019-05-06 16:01:00,0.0,0.0,10192.21,20.800000000000004,10192.21,0.0,1.0192209999999988,0.002268000000000825
2019-05-06 16:03:00,0.0,0.0,10192.21,20.800000000000004,10192.21,0.0,1.0192209999999988,0.002268000000000825
2019-05-06 16:06:00,0.0,0.0,10192.21,20.800000000000004,10192.21,0.0,1.0192209999999988,0.002268000000000825
2019-05-06 16:07:00,0.0,0.0,10192.21,20.800000000000004,10192.21,0.0,1.0192209999999988,0.002268000000000825
2019-05-06 16:08:00,0.0,0.0,10192.21,20.800000000000004,10192.21,0.0,1.0192209999999988,0.002268000000000825
2019-05-06 16:11:00,0.0,0.0,10192.21,20.800000000000004,10192.21,0.0,1.0192209999999988,0.002268000000000825
2019-05-06 16:14:00,0.0,0.0,10192.21,20.800000000000004,10192.21,0.0,1.0192209999999988,0.002268000000000825
2019-05-06 16:15:00,0.0,0.0,10192.21,20.800000000000004,10192.21,0.0,1.0192209999999988,0.002268000000000825
2019-05-06 16:16:00,0.0,0.0,10192.21,20.800000000000004,10192.21,0.0,1.0192209999999988,0.002268000000000825
2019-05-06 16:17:00,0.0,0.0,10192.21,20.800000000000004,10192.21,0.0,1.0192209999999988,0.002268000000000825
2019-05-06 16:18:00,0.0,0.0,10192.21,20.800000000000004,10192.21,0.0,1.0192209999999988,0.002268000000000825
2019-05-06 16:19:00,0.0,0.0,10192.21,20.800000000000004,10192.21,0.0,1.0192209999999988,0.002268000000000825
2019-05-06 16:22:00,0.0,0.0,10192.21,20.800000000000004,10192.21,0.0,1.0192209999999988,0.002268000000000825
2019-05-06 16:23:00,0.0,0.0,10192.21,20.800000000000004,10192.21,0.0,1.0192209999999988,0.002268000000000825
2019-05-06 16:24:00,0.0,0.0,10192.21,20.800000000000004,10192.21,0.0,1.0192209999999988,0.002268000000000825
2019-05-06 16:29:00,0.0,0.0,10192.21,20.800000000000004,10192.21,0.0,1.0192209999999988,0.002268000000000825
2019-05-06 16:30:00,0.0,0.0,10192.21,20.800000000000004,10192.21,0.0,1.0192209999999988,0.002268000000000825
2019-05-06 16:31:00,0.0,0.0,10192.21,20.800000000000004,10192.21,0.0,1.0192209999999988,0.002268000000000825
2019-05-06 16:33:00,0.0,0.0,10192.21,20.800000000000004,10192.21,0.0,1.0192209999999988,0.002268000000000825
2019-05-06 16:34:00,0.0,0.0,10192.21,20.800000000000004,10192.21,0.0,1.0192209999999988,0.002268000000000825
2019-05-06 16:35:00,0.0,0.0,10192.21,20.800000000000004,10192.21,0.0,1.0192209999999988,0.002268000000000825
2019-05-06 16:36:00,0.0,0.0,10192.21,20.800000000000004,10192.21,0.0,1.0192209999999988,0.002268000000000825
2019-05-06 16:37:00,0.0,0.0,10192.21,20.800000000000004,10192.21,0.0,1.0192209999999988,0.002268000000000825
2019-05-06 16:39:00,0.0,0.0,10192.21,20.800000000000004,10192.21,0.0,1.0192209999999988,0.002268000000000825
2019-05-06 16:44:00,0.0,0.0,10192.21,20.800000000000004,10192.21,0.0,1.0192209999999988,0.002268000000000825
2019-05-06 16:45:00,0.0,0.0,10192.21,20.800000000000004,10192.21,0.0,1.0192209999999988,0.002268000000000825
2019-05-06 16:51:00,0.0,0.0,10192.21,20.800000000000004,10192.21,0.0,1.0192209999999988,0.002268000000000825
2019-05-06 16:52:00,0.0,0.0,10192.21,20.800000000000004,10192.21,0.0,1.0192209999999988,0.002268000000000825
2019-05-06 16:54:00,0.0,0.0,10192.21,20.800000000000004,10192.21,0.0,1.0192209999999988,0.002268000000000825
2019-05-06 16:56:00,0.0,0.0,10192.21,20.800000000000004,10192.21,0.0,1.0192209999999988,0.002268000000000825
2019-05-06 16:58:00,0.0,0.0,10192.21,20.800000000000004,10192.21,0.0,1.0192209999999988,0.002268000000000825
2019-05-06 17:05:00,0.0,0.0,10192.21,20.800000000000004,10192.21,0.0,1.0192209999999988,0.002268000000000825
2019-05-06 17:12:00,0.0,0.0,10192.21,20.800000000000004,10192.21,0.0,1.0192209999999988,0.002268000000000825
2019-05-06 17:15:00,0.0,0.0,10192.21,20.800000000000004,10192.21,0.0,1.0192209999999988,0.002268000000000825
2019-05-06 17:16:00,0.0,0.0,10192.21,20.800000000000004,10192.21,0.0,1.0192209999999988,0.002268000000000825
2019-05-06 17:18:00,0.0,0.0,10192.21,20.800000000000004,10192.21,0.0,1.0192209999999988,0.002268000000000825
2019-05-06 17:21:00,0.0,0.0,10192.21,20.800000000000004,10192.21,0.0,1.0192209999999988,0.002268000000000825
2019-05-06 17:23:00,0.0,0.0,10192.21,20.800000000000004,10192.21,0.0,1.0192209999999988,0.002268000000000825
2019-05-06 17:26:00,0.0,0.0,10192.21,20.800000000000004,10192.21,0.0,1.0192209999999988,0.002268000000000825
2019-05-06 17:27:00,0.0,0.0,10192.21,20.800000000000004,10192.21,0.0,1.0192209999999988,0.002268000000000825
2019-05-06 17:28:00,0.0,0.0,10192.21,20.800000000000004,10192.21,0.0,1.0192209999999988,0.002268000000000825
2019-05-06 17:29:00,0.0,0.0,10192.21,20.800000000000004,10192.21,0.0,1.0192209999999988,0.002268000000000825
2019-05-06 17:30:00,0.0,0.0,10192.21,20.800000000000004,10192.21,0.0,1.0192209999999988,0.002268000000000825
2019-05-06 17:35:00,0.0,0.0,10192.21,20.800000000000004,10192.21,0.0,1.0192209999999988,0.002268000000000825
2019-05-06 17:38:00,0.0,0.0,10192.21,20.800000000000004,10192.21,0.0,1.0192209999999988,0.002268000000000825
2019-05-06 17:42:00,0.0,0.0,10192.21,20.800000000000004,10192.21,0.0,1.0192209999999988,0.002268000000000825
2019-05-06 17:44:00,0.0,0.0,10192.21,20.800000000000004,10192.21,0.0,1.0192209999999988,0.002268000000000825
2019-05-06 17:45:00,0.0,0.0,10192.21,20.800000000000004,10192.21,0.0,1.0192209999999988,0.002268000000000825
2019-05-06 17:46:00,0.0,0.0,10192.21,20.800000000000004,10192.21,0.0,1.0192209999999988,0.002268000000000825
2019-05-06 17:48:00,0.0,0.0,10192.21,20.800000000000004,10192.21,0.0,1.0192209999999988,0.002268000000000825
2019-05-06 17:51:00,0.0,0.0,10192.21,20.800000000000004,10192.21,0.0,1.0192209999999988,0.002268000000000825
2019-05-06 17:53:00,0.0,0.0,10192.21,20.800000000000004,10192.21,0.0,1.0192209999999988,0.002268000000000825
2019-05-06 17:54:00,0.0,0.0,10192.21,20.800000000000004,10192.21,0.0,1.0192209999999988,0.002268000000000825
2019-05-06 17:56:00,0.0,0.0,10192.21,20.800000000000004,10192.21,0.0,1.0192209999999988,0.002268000000000825
2019-05-06 17:57:00,0.0,0.0,10192.21,20.800000000000004,10192.21,0.0,1.0192209999999988,0.002268000000000825
2019-05-06 17:58:00,0.0,0.0,10192.21,20.800000000000004,10192.21,0.0,1.0192209999999988,0.002268000000000825
2019-05-06 18:00:00,0.0,0.0,10192.21,20.800000000000004,10192.21,0.0,1.0192209999999988,0.002268000000000825
2019-05-06 18:03:00,0.0,0.0,10192.21,20.800000000000004,10192.21,0.0,1.0192209999999988,0.002268000000000825
2019-05-06 18:05:00,0.0,0.0,10192.21,20.800000000000004,10192.21,0.0,1.0192209999999988,0.002268000000000825
2019-05-06 18:06:00,0.0,0.0,10192.21,20.800000000000004,10192.21,0.0,1.0192209999999988,0.002268000000000825
2019-05-06 18:07:00,0.0,0.0,10192.21,20.800000000000004,10192.21,0.0,1.0192209999999988,0.002268000000000825
2019-05-06 18:08:00,0.0,0.0,10192.21,20.800000000000004,10192.21,0.0,1.0192209999999988,0.002268000000000825
2019-05-06 18:10:00,0.0,0.0,10192.21,20.800000000000004,10192.21,0.0,1.0192209999999988,0.002268000000000825
2019-05-06 18:11:00,0.0,0.0,10192.21,20.800000000000004,10192.21,0.0,1.0192209999999988,0.002268000000000825
2019-05-06 18:13:00,0.0,0.0,10192.21,20.800000000000004,10192.21,0.0,1.0192209999999988,0.002268000000000825
2019-05-06 18:14:00,0.0,0.0,10192.21,20.800000000000004,10192.21,0.0,1.0192209999999988,0.002268000000000825
2019-05-06 18:16:00,0.0,0.0,10192.21,20.800000000000004,10192.21,0.0,1.0192209999999988,0.002268000000000825
2019-05-06 18:18:00,0.0,0.0,10192.21,20.800000000000004,10192.21,0.0,1.0192209999999988,0.002268000000000825
2019-05-06 18:22:00,0.0,0.0,10192.21,20.800000000000004,10192.21,0.0,1.0192209999999988,0.002268000000000825
2019-05-06 18:24:00,0.0,0.0,10192.21,20.800000000000004,10192.21,0.0,1.0192209999999988,0.002268000000000825
2019-05-06 18:26:00,0.0,0.0,10192.21,20.800000000000004,10192.21,0.0,1.0192209999999988,0.002268000000000825
2019-05-06 18:30:00,0.0,0.0,10192.21,20.800000000000004,10192.21,0.0,1.0192209999999988,0.002268000000000825
2019-05-06 18:31:00,0.0,0.0,10192.21,20.800000000000004,10192.21,0.0,1.0192209999999988,0.002268000000000825
2019-05-06 18:33:00,0.0,0.0,10192.21,20.800000000000004,10192.21,0.0,1.0192209999999988,0.002268000000000825
2019-05-06 18:34:00,0.0,0.0,10192.21,20.800000000000004,10192.21,0.0,1.0192209999999988,0.002268000000000825
2019-05-06 18:35:00,0.0,0.0,10192.21,20.800000000000004,10192.21,0.0,1.0192209999999988,0.002268000000000825
2019-05-06 18:36:00,0.0,0.0,10192.21,20.800000000000004,10192.21,0.0,1.0192209999999988,0.002268000000000825
2019-05-06 18:37:00,0.0,0.0,10192.21,20.800000000000004,10192.21,0.0,1.0192209999999988,0.002268000000000825
2019-05-06 18:39:00,0.0,0.0,10192.21,20.800000000000004,10192.21,0.0,1.0192209999999988,0.002268000000000825
2019-05-06 18:41:00,0.0,0.0,10192.21,20.800000000000004,10192.21,0.0,1.0192209999999988,0.002268000000000825
2019-05-06 18:42:00,0.0,0.0,10192.21,20.800000000000004,10192.21,0.0,1.0192209999999988,0.002268000000000825
2019-05-06 18:44:00,0.0,0.0,10192.21,20.800000000000004,10192.21,0.0,1.0192209999999988,0.002268000000000825
2019-05-06 18:45:00,0.0,0.0,10192.21,20.800000000000004,10192.21,0.0,1.0192209999999988,0.002268000000000825
2019-05-06 18:46:00,0.0,0.0,10192.21,20.800000000000004,10192.21,0.0,1.0192209999999988,0.002268000000000825
2019-05-06 18:48:00,0.0,0.0,10192.21,20.800000000000004,10192.21,0.0,1.0192209999999988,0.002268000000000825
2019-05-06 18:49:00,0.0,0.0,10192.21,20.800000000000004,10192.21,0.0,1.0192209999999988,0.002268000000000825
2019-05-06 18:52:00,0.0,0.0,10192.21,20.800000000000004,10192.21,0.0,1.0192209999999988,0.002268000000000825
2019-05-06 18:56:00,0.0,0.0,10192.21,20.800000000000004,10192.21,0.0,1.0192209999999988,0.002268000000000825
2019-05-06 19:03:00,0.0,0.0,10192.21,20.800000000000004,10192.21,0.0,1.0192209999999988,0.002268000000000825
2019-05-06 19:13:00,0.0,0.0,10192.21,20.800000000000004,10192.21,0.0,1.0192209999999988,0.002268000000000825
2019-05-06 19:14:00,0.0,0.0,10192.21,20.800000000000004,10192.21,0.0,1.0192209999999988,0.002268000000000825
2019-05-06 19:16:00,0.0,0.0,10192.21,20.800000000000004,10192.21,0.0,1.0192209999999988,0.002268000000000825
2019-05-06 19:17:00,0.0,0.0,10192.21,20.800000000000004,10192.21,0.0,1.0192209999999988,0.002268000000000825
2019-05-06 19:18:00,0.0,0.0,10192.21,20.800000000000004,10192.21,0.0,1.0192209999999988,0.002268000000000825
2019-05-06 19:19:00,0.0,0.0,10192.21,20.800000000000004,10192.21,0.0,1.0192209999999988,0.002268000000000825
2019-05-06 19:22:00,0.0,0.0,10192.21,20.800000000000004,10192.21,0.0,1.0192209999999988,0.002268000000000825
2019-05-06 19:24:00,0.0,0.0,10192.21,20.800000000000004,10192.21,0.0,1.0192209999999988,0.002268000000000825
2019-05-06 19:27:00,0.0,0.0,10192.21,20.800000000000004,10192.21,0.0,1.0192209999999988,0.002268000000000825
2019-05-06 19:28:00,0.0,0.0,10192.21,20.800000000000004,10192.21,0.0,1.0192209999999988,0.002268000000000825
2019-05-06 19:30:00,0.0,0.0,10192.21,20.800000000000004,10192.21,0.0,1.0192209999999988,0.002268000000000825
2019-05-06 19:31:00,0.0,0.0,10192.21,20.800000000000004,10192.21,0.0,1.0192209999999988,0.002268000000000825
2019-05-06 19:32:00,0.0,0.0,10192.21,20.800000000000004,10192.21,0.0,1.0192209999999988,0.002268000000000825
2019-05-06 19:34:00,0.0,0.0,10192.21,20.800000000000004,10192.21,0.0,1.0192209999999988,0.002268000000000825
2019-05-06 19:35:00,0.0,0.0,10192.21,20.800000000000004,10192.21,0.0,1.0192209999999988,0.002268000000000825
2019-05-06 19:36:00,0.0,0.0,10192.21,20.800000000000004,10192.21,0.0,1.0192209999999988,0.002268000000000825
2019-05-06 19:37:00,0.0,0.0,10192.21,20.800000000000004,10192.21,0.0,1.0192209999999988,0.002268000000000825
2019-05-06 19:38:00,0.0,0.0,10192.21,20.800000000000004,10192.21,0.0,1.0192209999999988,0.002268000000000825
2019-05-06 19:39:00,0.0,0.0,10192.21,20.800000000000004,10192.21,0.0,1.0192209999999988,0.002268000000000825
2019-05-06 19:40:00,0.0,0.0,10192.21,20.800000000000004,10192.21,0.0,1.0192209999999988,0.002268000000000825
2019-05-06 19:41:00,0.0,0.0,10192.21,20.800000000000004,10192.21,0.0,1.0192209999999988,0.002268000000000825
2019-05-06 19:42:00,0.0,0.0,10192.21,20.800000000000004,10192.21,0.0,1.0192209999999988,0.002268000000000825
2019-05-06 19:43:00,0.0,0.0,10192.21,20.800000000000004,10192.21,0.0,1.0192209999999988,0.002268000000000825
2019-05-06 19:44:00,0.0,0.0,10192.21,20.800000000000004,10192.21,0.0,1.0192209999999988,0.002268000000000825
2019-05-06 19:45:00,0.0,0.0,10192.21,20.800000000000004,10192.21,0.0,1.0192209999999988,0.002268000000000825
2019-05-06 19:46:00,0.0,0.0,10192.21,20.800000000000004,10192.21,0.0,1.0192209999999988,0.002268000000000825
2019-05-06 19:47:00,0.0,0.0,10192.21,20.800000000000004,10192.21,0.0,1.0192209999999988,0.002268000000000825
2019-05-06 19:48:00,0.0,0.0,10192.21,20.800000000000004,10192.21,0.0,1.0192209999999988,0.002268000000000825
2019-05-06 19:50:00,0.0,0.0,10192.21,20.800000000000004,10192.21,0.0,1.0192209999999988,0.002268000000000825
2019-05-06 19:51:00,0.0,0.0,10192.21,20.800000000000004,10192.21,0.0,1.0192209999999988,0.002268000000000825
2019-05-06 19:52:00,0.0,0.0,10192.21,20.800000000000004,10192.21,0.0,1.0192209999999988,0.002268000000000825
2019-05-06 19:53:00,0.0,0.0,10192.21,20.800000000000004,10192.21,0.0,1.0192209999999988,0.002268000000000825
2019-05-06 19:54:00,0.0,0.0,10192.21,20.800000000000004,10192.21,0.0,1.0192209999999988,0.002268000000000825
2019-05-06 19:55:00,0.0,0.0,10192.21,20.800000000000004,10192.21,0.0,1.0192209999999988,0.002268000000000825
2019-05-06 19:56:00,0.0,0.0,10192.21,20.800000000000004,10192.21,0.0,1.0192209999999988,0.002268000000000825
2019-05-06 19:57:00,0.0,0.0,10192.21,20.800000000000004,10192.21,0.0,1.0192209999999988,0.002268000000000825
2019-05-06 19:58:00,0.0,0.0,10192.21,20.800000000000004,10192.21,0.0,1.0192209999999988,0.002268000000000825
2019-05-06 19:59:00,0.0,0.0,10192.21,20.800000000000004,10192.21,0.0,1.0192209999999988,0.002268000000000825
2019-05-06 19:59:00,0.0,0.0,10192.21,20.800000000000004,10192.21,0.0,1.0192209999999988,0.002268000000000825
