Date,AUDUSD,NZDUSD
2010-01-03,0.91285,0.73452
2010-01-04,0.91248,0.7349100000000001
2010-01-05,0.9202600000000001,0.73816
2010-01-06,0.91781,0.73243
2010-01-07,0.92386,0.7369100000000001
2010-01-10,0.92973,0.74256
2010-01-11,0.92011,0.7387600000000001
2010-01-12,0.9241299999999999,0.74036
2010-01-13,0.93181,0.7430100000000001
2010-01-14,0.9237,0.73848
2010-01-17,0.92743,0.73911
2010-01-18,0.92563,0.73526
2010-01-19,0.9102299999999999,0.72206
2010-01-20,0.9001299999999999,0.71024
2010-01-21,0.90535,0.7136600000000001
2010-01-24,0.9038299999999999,0.71443
2010-01-25,0.89933,0.70849
2010-01-26,0.8948,0.7070000000000001
2010-01-27,0.8955299999999999,0.70499
2010-01-28,0.88426,0.7017800000000001
2010-01-31,0.8914200000000001,0.7085
2010-02-01,0.8864299999999999,0.71243
2010-02-02,0.8831600000000001,0.70224
2010-02-03,0.8647299999999999,0.68724
2010-02-04,0.86711,0.68743
2010-02-07,0.8646799999999999,0.68315
2010-02-08,0.8791200000000001,0.69647
2010-02-09,0.8789100000000001,0.69321
2010-02-10,0.89038,0.69909
2010-02-11,0.88741,0.69612
2010-02-14,0.89013,0.69681
2010-02-15,0.90212,0.70713
2010-02-16,0.8979299999999999,0.70318
2010-02-17,0.89484,0.6987300000000001
2010-02-18,0.89843,0.69871
2010-02-21,0.9002100000000001,0.7028300000000001
2010-02-22,0.8914,0.69253
2010-02-23,0.89413,0.69343
2010-02-24,0.88623,0.6923
2010-02-25,0.8962100000000001,0.6983
2010-02-28,0.90091,0.6994
2010-03-01,0.90543,0.69643
2010-03-02,0.9080299999999999,0.69455
2010-03-03,0.90041,0.68698
2010-03-04,0.9081100000000001,0.69725
2010-03-07,0.90941,0.70108
2010-03-08,0.91396,0.7029
2010-03-09,0.91525,0.70219
2010-03-10,0.91517,0.70011
2010-03-11,0.91561,0.7014199999999999
2010-03-14,0.91391,0.7022
2010-03-15,0.9202299999999999,0.7122
2010-03-16,0.92366,0.71395
2010-03-17,0.92011,0.71475
2010-03-18,0.91643,0.7086
2010-03-21,0.9182799999999999,0.70665
2010-03-22,0.91874,0.70763
2010-03-23,0.90736,0.70195
2010-03-24,0.9073700000000001,0.7038
2010-03-25,0.90386,0.70432
2010-03-28,0.91761,0.7098800000000001
2010-03-29,0.9191,0.71038
2010-03-30,0.91733,0.7108300000000001
2010-03-31,0.92075,0.70868
2010-04-01,0.91945,0.70641
2010-04-04,0.92155,0.70331
2010-04-05,0.9284100000000001,0.7067899999999999
2010-04-06,0.9268799999999999,0.70727
2010-04-07,0.9287,0.70703
2010-04-08,0.93361,0.71563
2010-04-11,0.92763,0.7126399999999999
2010-04-12,0.9293299999999999,0.71402
2010-04-13,0.9354,0.7148
2010-04-14,0.9347200000000001,0.71222
2010-04-15,0.9252600000000001,0.70898
2010-04-18,0.92409,0.71157
2010-04-19,0.93199,0.7119300000000001
2010-04-20,0.9271299999999999,0.71015
2010-04-21,0.92765,0.71117
2010-04-22,0.92691,0.71644
2010-04-25,0.92709,0.72372
2010-04-26,0.91561,0.7116399999999999
2010-04-27,0.9253600000000001,0.72188
2010-04-28,0.92796,0.72395
2010-04-29,0.92511,0.72701
2010-05-02,0.92635,0.73129
2010-05-03,0.90902,0.7207100000000001
2010-05-04,0.9062600000000001,0.7175600000000001
2010-05-05,0.88526,0.71231
2010-05-06,0.88636,0.71358
2010-05-09,0.90294,0.72305
2010-05-10,0.8952899999999999,0.71658
2010-05-11,0.89364,0.7136399999999999
2010-05-12,0.89625,0.71516
2010-05-13,0.88575,0.70696
2010-05-16,0.87751,0.69706
2010-05-17,0.8647100000000001,0.69421
2010-05-18,0.84711,0.6781699999999999
2010-05-19,0.8177,0.6675800000000001
2010-05-20,0.83167,0.67857
2010-05-23,0.82668,0.66928
2010-05-24,0.82785,0.67038
2010-05-25,0.8216200000000001,0.66322
2010-05-26,0.8515,0.68388
2010-05-27,0.8464200000000001,0.6793100000000001
2010-05-30,0.8459899999999999,0.6806800000000001
2010-05-31,0.8308700000000001,0.67451
2010-06-01,0.84175,0.68109
2010-06-02,0.84454,0.68429
2010-06-03,0.8219299999999999,0.66946
2010-06-06,0.81024,0.65882
2010-06-07,0.8272700000000001,0.6666
2010-06-08,0.82773,0.66656
2010-06-09,0.84996,0.6864899999999999
2010-06-10,0.8499899999999999,0.69043
2010-06-13,0.8582200000000001,0.69401
2010-06-14,0.86526,0.69848
2010-06-15,0.8639,0.6976100000000001
2010-06-16,0.8683,0.70401
2010-06-17,0.87005,0.70548
2010-06-20,0.8766200000000001,0.7084699999999999
2010-06-21,0.87184,0.7046399999999999
2010-06-22,0.8740700000000001,0.71383
2010-06-23,0.8667799999999999,0.70948
2010-06-24,0.87536,0.71444
2010-06-27,0.87234,0.70863
2010-06-28,0.84896,0.69216
2010-06-29,0.8409,0.685
2010-06-30,0.84331,0.6908
2010-07-01,0.8426100000000001,0.6895
2010-07-04,0.83993,0.6889
2010-07-05,0.8528,0.69391
2010-07-06,0.86434,0.70345
2010-07-07,0.8774200000000001,0.70965
2010-07-08,0.87785,0.71132
2010-07-11,0.87595,0.7117100000000001
2010-07-12,0.8831600000000001,0.71988
2010-07-13,0.88513,0.72437
2010-07-14,0.88454,0.72983
2010-07-15,0.87021,0.71124
2010-07-18,0.86846,0.70618
2010-07-19,0.884,0.71723
2010-07-20,0.87818,0.71268
2010-07-21,0.89336,0.72482
2010-07-22,0.89671,0.72718
2010-07-25,0.90264,0.7339399999999999
2010-07-26,0.90246,0.73345
2010-07-27,0.89361,0.72792
2010-07-28,0.90045,0.72409
2010-07-29,0.90455,0.7258899999999999
2010-08-01,0.91376,0.73292
2010-08-02,0.91276,0.73435
2010-08-03,0.91671,0.7350300000000001
2010-08-04,0.91575,0.73096
2010-08-05,0.91899,0.73277
2010-08-08,0.91653,0.72909
2010-08-09,0.91365,0.72428
2010-08-10,0.8970899999999999,0.7147899999999999
2010-08-11,0.8963399999999999,0.70897
2010-08-12,0.8923700000000001,0.70558
2010-08-15,0.89848,0.7074199999999999
2010-08-16,0.90538,0.71233
2010-08-17,0.89835,0.7145699999999999
2010-08-18,0.89274,0.70729
2010-08-19,0.8922899999999999,0.70727
2010-08-22,0.89136,0.70696
2010-08-23,0.88166,0.70262
2010-08-24,0.8840600000000001,0.6997899999999999
2010-08-25,0.8864,0.70313
2010-08-26,0.89894,0.7124
2010-08-29,0.8918799999999999,0.70729
2010-08-30,0.89066,0.69919
2010-08-31,0.91171,0.71218
2010-09-01,0.91106,0.7148399999999999
2010-09-02,0.91676,0.72096
2010-09-05,0.91769,0.7236899999999999
2010-09-06,0.91069,0.71982
2010-09-07,0.91827,0.7229300000000001
2010-09-08,0.92306,0.7247600000000001
2010-09-09,0.92675,0.7282
2010-09-12,0.93596,0.73401
2010-09-13,0.93971,0.73411
2010-09-14,0.9382299999999999,0.73173
2010-09-15,0.9369299999999999,0.72422
2010-09-16,0.9361,0.7257100000000001
2010-09-19,0.94731,0.73043
2010-09-20,0.95526,0.7351300000000001
2010-09-21,0.95681,0.73869
2010-09-22,0.94906,0.72939
2010-09-23,0.95967,0.73451
2010-09-26,0.961,0.73449
2010-09-27,0.96757,0.73955
2010-09-28,0.96955,0.73816
2010-09-29,0.9671799999999999,0.73445
2010-09-30,0.9729,0.74426
2010-10-03,0.9683,0.74187
2010-10-04,0.97175,0.74947
2010-10-05,0.9773799999999999,0.75252
2010-10-06,0.9824799999999999,0.7505
2010-10-07,0.9859100000000001,0.7548199999999999
2010-10-10,0.98385,0.75188
2010-10-11,0.98619,0.7552399999999999
2010-10-12,0.99051,0.76061
2010-10-13,0.9942,0.75944
2010-10-14,0.98931,0.75429
2010-10-17,0.9890000000000001,0.75569
2010-10-18,0.9686899999999999,0.74439
2010-10-19,0.98716,0.7550899999999999
2010-10-20,0.97731,0.74574
2010-10-21,0.98145,0.74698
2010-10-24,0.99051,0.75234
2010-10-25,0.98541,0.74938
2010-10-26,0.97205,0.74538
2010-10-27,0.97896,0.75425
2010-10-28,0.98014,0.76234
2010-10-31,0.98713,0.76755
2010-11-01,0.99951,0.77158
2010-11-02,1.0061,0.77995
2010-11-03,1.01499,0.7945
2010-11-04,1.01516,0.797
2010-11-07,1.01365,0.78818
2010-11-08,1.00356,0.77775
2010-11-09,1.00536,0.78285
2010-11-10,0.9978100000000001,0.78042
2010-11-11,0.98679,0.77459
2010-11-14,0.9852799999999999,0.77266
2010-11-15,0.9766299999999999,0.76794
2010-11-16,0.9796799999999999,0.77048
2010-11-17,0.98998,0.77842
2010-11-18,0.9857799999999999,0.77945
2010-11-21,0.98859,0.77182
2010-11-22,0.9722799999999999,0.7588600000000001
2010-11-23,0.9817299999999999,0.75995
2010-11-24,0.98083,0.7600100000000001
2010-11-25,0.96445,0.75039
2010-11-28,0.9631799999999999,0.74583
2010-11-29,0.9587399999999999,0.74262
2010-11-30,0.9683799999999999,0.7489600000000001
2010-12-01,0.977,0.7553
2010-12-02,0.9923700000000001,0.7659999999999999
2010-12-05,0.9900200000000001,0.76188
2010-12-06,0.98288,0.75717
2010-12-07,0.9796299999999999,0.74741
2010-12-08,0.9838,0.74876
2010-12-09,0.98526,0.74834
2010-12-12,0.99611,0.75127
2010-12-13,0.99908,0.75174
2010-12-14,0.9869700000000001,0.73954
2010-12-15,0.9902700000000001,0.74036
2010-12-16,0.9882799999999999,0.73742
2010-12-19,0.9935200000000001,0.7421300000000001
2010-12-20,0.99787,0.74403
2010-12-21,0.9990100000000001,0.74039
2010-12-22,1.0043,0.74737
2010-12-23,1.0043799999999998,0.74924
2010-12-26,1.00492,0.75084
2010-12-27,1.0103799999999998,0.75571
2010-12-28,1.018,0.7683300000000001
2010-12-29,1.01724,0.77059
2010-12-30,1.02347,0.77836
2011-01-02,1.0168,0.77337
2011-01-03,1.00526,0.7667
2011-01-04,0.99949,0.75693
2011-01-05,0.9944,0.75679
2011-01-06,0.9965799999999999,0.76122
2011-01-09,0.99566,0.76379
2011-01-10,0.98726,0.76066
2011-01-11,0.9965799999999999,0.7638699999999999
2011-01-12,0.9975200000000001,0.77104
2011-01-13,0.9895799999999999,0.7671600000000001
2011-01-16,0.99395,0.7723899999999999
2011-01-17,0.9994799999999999,0.77205
2011-01-18,1.00088,0.7689600000000001
2011-01-19,0.98695,0.75712
2011-01-20,0.98993,0.75866
2011-01-23,0.9974299999999999,0.76347
2011-01-24,0.99666,0.76881
2011-01-25,0.99954,0.77275
2011-01-26,0.9920100000000001,0.77232
2011-01-27,0.99285,0.7723899999999999
2011-01-30,0.9973299999999999,0.77259
2011-01-31,1.0112299999999999,0.7817
2011-02-01,1.01032,0.77346
2011-02-02,1.01558,0.77367
2011-02-03,1.0139799999999999,0.76867
2011-02-06,1.0135100000000001,0.77007
2011-02-07,1.01472,0.7751600000000001
2011-02-08,1.0124799999999998,0.77235
2011-02-09,1.00458,0.76417
2011-02-10,1.00194,0.7601899999999999
2011-02-13,1.00324,0.7571
2011-02-14,0.9966799999999999,0.7523
2011-02-15,1.00365,0.75502
2011-02-16,1.0121200000000001,0.75945
2011-02-17,1.01468,0.7614
2011-02-20,1.00966,0.7641399999999999
2011-02-21,0.9991700000000001,0.74675
2011-02-22,1.00254,0.7459600000000001
2011-02-23,1.00905,0.74768
2011-02-24,1.01744,0.75132
2011-02-27,1.01868,0.7527
2011-02-28,1.0136,0.7475
2011-03-01,1.0172,0.74348
2011-03-02,1.01485,0.74125
2011-03-03,1.01387,0.7386199999999999
2011-03-06,1.0121,0.7372
2011-03-07,1.0101,0.73985
2011-03-08,1.01105,0.73695
2011-03-09,1.00111,0.73585
2011-03-10,1.01529,0.7437600000000001
2011-03-13,1.00987,0.73944
2011-03-14,0.99098,0.73192
2011-03-15,0.9840000000000001,0.72865
2011-03-16,0.9804299999999999,0.71815
2011-03-17,0.9970399999999999,0.73126
2011-03-20,1.00643,0.7359600000000001
2011-03-21,1.0105,0.74005
2011-03-22,1.0134,0.74075
2011-03-23,1.0212,0.75325
2011-03-24,1.02547,0.7531899999999999
2011-03-27,1.0245,0.7515
2011-03-28,1.0291700000000001,0.75627
2011-03-29,1.0331,0.7623800000000001
2011-03-30,1.03295,0.76153
2011-03-31,1.03884,0.76766
2011-04-03,1.0363,0.76828
2011-04-04,1.0329700000000002,0.76852
2011-04-05,1.04417,0.77985
2011-04-06,1.04701,0.77913
2011-04-07,1.05785,0.7835
2011-04-10,1.0498,0.77994
2011-04-11,1.04378,0.7842100000000001
2011-04-12,1.05072,0.78977
2011-04-13,1.0546,0.79385
2011-04-14,1.05606,0.79955
2011-04-17,1.05112,0.7910699999999999
2011-04-18,1.0528,0.78884
2011-04-19,1.0716,0.79855
2011-04-20,1.075,0.8005899999999999
2011-04-21,1.0744,0.80223
2011-04-24,1.0723200000000002,0.79965
2011-04-25,1.07877,0.80621
2011-04-26,1.0875,0.8091
2011-04-27,1.09294,0.8026800000000001
2011-04-28,1.0967799999999999,0.8096300000000001
2011-05-01,1.0945,0.8066
2011-05-02,1.08465,0.79869
2011-05-03,1.0747799999999998,0.79013
2011-05-04,1.0581,0.78441
2011-05-05,1.0691,0.79043
2011-05-08,1.08074,0.79601
2011-05-09,1.0839,0.79562
2011-05-10,1.07013,0.7894
2011-05-11,1.06794,0.79585
2011-05-12,1.0566,0.78738
2011-05-15,1.05575,0.77967
2011-05-16,1.0629,0.78495
2011-05-17,1.06341,0.78919
2011-05-18,1.0669,0.7910699999999999
2011-05-19,1.06695,0.79725
2011-05-22,1.0506,0.79045
2011-05-23,1.056,0.79625
2011-05-24,1.05365,0.7989
2011-05-25,1.0647,0.81165
2011-05-26,1.06922,0.81613
2011-05-29,1.0694,0.81652
2011-05-30,1.06732,0.82411
2011-05-31,1.06152,0.8146800000000001
2011-06-01,1.067,0.8163
2011-06-02,1.07263,0.81515
2011-06-05,1.07136,0.81453
2011-06-06,1.07199,0.82083
2011-06-07,1.06294,0.81575
2011-06-08,1.0630600000000001,0.82505
2011-06-09,1.05493,0.8215
2011-06-12,1.0603,0.81567
2011-06-13,1.06873,0.8183
2011-06-14,1.05786,0.80693
2011-06-15,1.0559399999999999,0.80513
2011-06-16,1.0615,0.81214
2011-06-19,1.05834,0.81055
2011-06-20,1.06084,0.81277
2011-06-21,1.05795,0.81482
2011-06-22,1.05237,0.81428
2011-06-23,1.05014,0.81111
2011-06-26,1.04436,0.80558
2011-06-27,1.0541399999999999,0.81221
2011-06-28,1.06826,0.82557
2011-06-29,1.07219,0.8292
2011-06-30,1.07831,0.82791
2011-07-03,1.07375,0.8297200000000001
2011-07-04,1.0692700000000002,0.82525
2011-07-05,1.07015,0.8271
2011-07-06,1.07766,0.83363
2011-07-07,1.07627,0.8375799999999999
2011-07-10,1.06571,0.82947
2011-07-11,1.0599399999999999,0.8182699999999999
2011-07-12,1.07596,0.8374299999999999
2011-07-13,1.07241,0.8428
2011-07-14,1.06606,0.8472
2011-07-17,1.06075,0.84515
2011-07-18,1.07324,0.85616
2011-07-19,1.0751600000000001,0.85641
2011-07-20,1.08423,0.8635
2011-07-21,1.08565,0.86441
2011-07-24,1.08454,0.86426
2011-07-25,1.09574,0.87075
2011-07-26,1.1026,0.8708
2011-07-27,1.10036,0.87145
2011-07-28,1.09877,0.8793
2011-07-31,1.09722,0.87685
2011-08-01,1.07805,0.86665
2011-08-02,1.07564,0.8639
2011-08-03,1.04654,0.8364
2011-08-04,1.04661,0.8445
2011-08-07,1.0187899999999999,0.8212299999999999
2011-08-08,1.0356,0.83841
2011-08-09,1.01804,0.81174
2011-08-10,1.03532,0.8325
2011-08-11,1.03534,0.83278
2011-08-14,1.05079,0.83305
2011-08-15,1.04864,0.83675
2011-08-16,1.05515,0.83783
2011-08-17,1.03934,0.82175
2011-08-18,1.04037,0.81844
2011-08-21,1.04094,0.82483
2011-08-22,1.05265,0.83626
2011-08-23,1.04744,0.82865
2011-08-24,1.04315,0.8275899999999999
2011-08-25,1.0579399999999999,0.8400799999999999
2011-08-28,1.06615,0.8465
2011-08-29,1.06825,0.85344
2011-08-30,1.07075,0.85434
2011-08-31,1.07221,0.85115
2011-09-01,1.06578,0.8459700000000001
2011-09-04,1.05532,0.8323200000000001
2011-09-05,1.04847,0.82285
2011-09-06,1.0662399999999999,0.83225
2011-09-07,1.05764,0.83101
2011-09-08,1.04532,0.82234
2011-09-11,1.03501,0.8235299999999999
2011-09-12,1.03122,0.82305
2011-09-13,1.0290000000000001,0.8240000000000001
2011-09-14,1.03295,0.8240799999999999
2011-09-15,1.03685,0.8293299999999999
2011-09-18,1.0223200000000001,0.8252
2011-09-19,1.0279399999999999,0.8242700000000001
2011-09-20,1.00434,0.80145
2011-09-21,0.97435,0.78103
2011-09-22,0.9767299999999999,0.77505
2011-09-25,0.9833200000000001,0.7804800000000001
2011-09-26,0.99131,0.78875
2011-09-27,0.9781700000000001,0.77728
2011-09-28,0.9783799999999999,0.77125
2011-09-29,0.9679399999999999,0.76254
2011-10-02,0.9528700000000001,0.7530899999999999
2011-10-03,0.95763,0.76083
2011-10-04,0.9659700000000001,0.76652
2011-10-05,0.9748399999999999,0.77188
2011-10-06,0.97875,0.77082
2011-10-09,0.9990399999999999,0.78393
2011-10-10,0.9953,0.7802100000000001
2011-10-11,1.0159799999999999,0.7963100000000001
2011-10-12,1.01928,0.79533
2011-10-13,1.0344799999999998,0.80521
2011-10-16,1.0158200000000002,0.7917
2011-10-17,1.02664,0.7960699999999999
2011-10-18,1.02253,0.79196
2011-10-19,1.02354,0.79404
2011-10-20,1.0357100000000001,0.80323
2011-10-23,1.04739,0.80757
2011-10-24,1.04294,0.79748
2011-10-25,1.04007,0.8013100000000001
2011-10-26,1.07311,0.82291
2011-10-27,1.07111,0.82275
2011-10-30,1.0530700000000002,0.80703
2011-10-31,1.03312,0.79535
2011-11-01,1.03485,0.79177
2011-11-02,1.04179,0.79575
2011-11-03,1.0383799999999999,0.79519
2011-11-06,1.03801,0.79727
2011-11-07,1.03931,0.79861
2011-11-08,1.01426,0.78151
2011-11-09,1.01563,0.77759
2011-11-10,1.0285,0.7862100000000001
2011-11-13,1.02068,0.78075
2011-11-14,1.01787,0.77145
2011-11-15,1.00858,0.76615
2011-11-16,1.0001200000000001,0.75935
2011-11-17,1.00022,0.7565
2011-11-20,0.98434,0.74746
2011-11-21,0.9833700000000001,0.74756
2011-11-22,0.96888,0.7400800000000001
2011-11-23,0.9736,0.74195
2011-11-24,0.97004,0.73916
2011-11-27,0.99064,0.7552
2011-11-28,1.00026,0.76154
2011-11-29,1.02839,0.78092
2011-11-30,1.02444,0.77942
2011-12-01,1.0213,0.77789
2011-12-04,1.02688,0.7804399999999999
2011-12-05,1.0245,0.7799
2011-12-06,1.0295100000000001,0.77995
2011-12-07,1.01673,0.7725
2011-12-08,1.02245,0.77588
2011-12-11,1.00746,0.76297
2011-12-12,1.0017399999999999,0.75739
2011-12-13,0.9911,0.75084
2011-12-14,0.9923,0.75366
2011-12-15,0.99839,0.76247
2011-12-18,0.98974,0.75558
2011-12-19,1.00814,0.76805
2011-12-20,1.0105,0.77062
2011-12-21,1.01309,0.77435
2011-12-22,1.0153,0.77496
2011-12-25,1.0171700000000001,0.77504
2011-12-26,1.01597,0.77346
2011-12-27,1.00955,0.76946
2011-12-28,1.01388,0.77173
2011-12-29,1.02106,0.7778
2012-01-01,1.0240799999999999,0.77893
2012-01-02,1.0379399999999999,0.7903899999999999
2012-01-03,1.03712,0.7878
2012-01-04,1.02643,0.78141
2012-01-05,1.0235,0.78103
2012-01-08,1.02419,0.78735
2012-01-09,1.0315299999999998,0.79467
2012-01-10,1.03122,0.79714
2012-01-11,1.03345,0.7939
2012-01-12,1.03324,0.79555
2012-01-15,1.03175,0.79408
2012-01-16,1.03767,0.80093
2012-01-17,1.04382,0.80445
2012-01-18,1.04197,0.80307
2012-01-19,1.04875,0.80672
2012-01-22,1.05275,0.81072
2012-01-23,1.04972,0.81202
2012-01-24,1.05979,0.81695
2012-01-25,1.06344,0.8219700000000001
2012-01-26,1.0665,0.8248700000000001
2012-01-29,1.0601399999999999,0.81932
2012-01-30,1.06229,0.82658
2012-01-31,1.07056,0.8325
2012-02-01,1.07148,0.83324
2012-02-02,1.07749,0.83725
2012-02-05,1.07274,0.8343700000000001
2012-02-06,1.0810899999999999,0.8359
2012-02-07,1.08004,0.83441
2012-02-08,1.07877,0.83415
2012-02-09,1.06786,0.82689
2012-02-12,1.07324,0.8341700000000001
2012-02-13,1.06936,0.83393
2012-02-14,1.0699299999999998,0.83326
2012-02-15,1.07568,0.8333299999999999
2012-02-16,1.0702,0.83296
2012-02-19,1.0755,0.8403299999999999
2012-02-20,1.06635,0.83396
2012-02-21,1.06385,0.8293299999999999
2012-02-22,1.0718,0.83645
2012-02-23,1.06964,0.8360799999999999
2012-02-26,1.07594,0.84099
2012-02-27,1.07677,0.83791
2012-02-28,1.07339,0.83425
2012-02-29,1.08118,0.83965
2012-03-01,1.07355,0.8300700000000001
2012-03-04,1.06715,0.8208700000000001
2012-03-05,1.05536,0.81263
2012-03-06,1.0584200000000001,0.81647
2012-03-07,1.0646200000000001,0.8244100000000001
2012-03-08,1.0580200000000002,0.8221
2012-03-11,1.05179,0.81812
2012-03-12,1.05541,0.8232700000000001
2012-03-13,1.0454299999999999,0.8094
2012-03-14,1.05269,0.81915
2012-03-15,1.05939,0.8250700000000001
2012-03-18,1.06093,0.8265299999999999
2012-03-19,1.04825,0.81747
2012-03-20,1.0460399999999999,0.81583
2012-03-21,1.03905,0.8094
2012-03-22,1.0471,0.81888
2012-03-25,1.05355,0.82319
2012-03-26,1.0463,0.8207200000000001
2012-03-27,1.03904,0.81718
2012-03-28,1.0384799999999998,0.81743
2012-03-29,1.03524,0.81917
2012-04-01,1.04195,0.82388
2012-04-02,1.03331,0.81915
2012-04-03,1.0271700000000001,0.81497
2012-04-04,1.03021,0.8163100000000001
2012-04-05,1.03172,0.8212700000000001
2012-04-08,1.03134,0.82163
2012-04-09,1.02521,0.81497
2012-04-10,1.03016,0.81821
2012-04-11,1.0441799999999999,0.82796
2012-04-12,1.03768,0.8235899999999999
2012-04-15,1.03579,0.8209200000000001
2012-04-16,1.0392,0.82157
2012-04-17,1.0361,0.81597
2012-04-18,1.0333,0.81397
2012-04-19,1.03823,0.81931
2012-04-22,1.0320200000000002,0.81363
2012-04-23,1.03152,0.8135399999999999
2012-04-24,1.0353700000000001,0.81383
2012-04-25,1.03944,0.81596
2012-04-26,1.0475700000000001,0.82289
2012-04-29,1.04308,0.81858
2012-04-30,1.03364,0.81552
2012-05-01,1.03364,0.81109
2012-05-02,1.02664,0.79978
2012-05-03,1.0185600000000001,0.7963399999999999
2012-05-06,1.01985,0.79497
2012-05-07,1.01219,0.78777
2012-05-08,1.00515,0.78435
2012-05-09,1.00814,0.7854
2012-05-10,1.00235,0.7833899999999999
2012-05-13,0.9959100000000001,0.77675
2012-05-14,0.99395,0.76942
2012-05-15,0.9914200000000001,0.76461
2012-05-16,0.9890200000000001,0.76377
2012-05-17,0.98475,0.7570899999999999
2012-05-20,0.9917100000000001,0.76539
2012-05-21,0.9812299999999999,0.7546
2012-05-22,0.97483,0.75035
2012-05-23,0.9764,0.75375
2012-05-24,0.9762,0.75439
2012-05-27,0.9854,0.7618199999999999
2012-05-28,0.98492,0.76312
2012-05-29,0.9705600000000001,0.7531800000000001
2012-05-30,0.97354,0.75378
2012-05-31,0.97024,0.75493
2012-06-03,0.97309,0.75665
2012-06-04,0.97445,0.75659
2012-06-05,0.99292,0.77093
2012-06-06,0.98955,0.76747
2012-06-07,0.99208,0.77099
2012-06-10,0.98641,0.76912
2012-06-11,0.9961,0.77747
2012-06-12,0.99345,0.77391
2012-06-13,1.00265,0.78268
2012-06-14,1.0084600000000001,0.7885
2012-06-17,1.0126899999999999,0.7922
2012-06-18,1.01914,0.7984100000000001
2012-06-19,1.01949,0.79635
2012-06-20,1.0037399999999999,0.78671
2012-06-21,1.0066,0.79083
2012-06-24,1.00125,0.78747
2012-06-25,1.00665,0.79132
2012-06-26,1.00825,0.79185
2012-06-27,1.0045899999999999,0.78888
2012-06-28,1.02521,0.80214
2012-07-01,1.02504,0.80375
2012-07-02,1.02855,0.8042199999999999
2012-07-03,1.02785,0.80375
2012-07-04,1.02893,0.80376
2012-07-05,1.0213299999999998,0.79798
2012-07-08,1.02095,0.79699
2012-07-09,1.01932,0.79432
2012-07-10,1.02531,0.79756
2012-07-11,1.01399,0.7903100000000001
2012-07-12,1.02328,0.79651
2012-07-15,1.0207,0.79406
2012-07-16,1.0318,0.7983100000000001
2012-07-17,1.03647,0.8003
2012-07-18,1.0429700000000002,0.80503
2012-07-19,1.03805,0.80047
2012-07-22,1.02609,0.7880199999999999
2012-07-23,1.02244,0.78478
2012-07-24,1.03173,0.78972
2012-07-25,1.0398399999999999,0.80195
2012-07-26,1.0489,0.81097
2012-07-29,1.05016,0.80892
2012-07-30,1.0505,0.80877
2012-07-31,1.04631,0.80767
2012-08-01,1.0468,0.81113
2012-08-02,1.0568799999999998,0.8196100000000001
2012-08-05,1.05722,0.82031
2012-08-06,1.0554299999999999,0.81757
2012-08-07,1.05749,0.81601
2012-08-08,1.05811,0.81298
2012-08-09,1.05782,0.81415
2012-08-12,1.05197,0.80985
2012-08-13,1.04921,0.80606
2012-08-14,1.05077,0.80762
2012-08-15,1.05131,0.81137
2012-08-16,1.04231,0.80829
2012-08-19,1.04469,0.80938
2012-08-20,1.04895,0.81172
2012-08-21,1.05077,0.81426
2012-08-22,1.04439,0.8134600000000001
2012-08-23,1.04065,0.81182
2012-08-26,1.03722,0.8093199999999999
2012-08-27,1.0379200000000002,0.80525
2012-08-28,1.03522,0.80085
2012-08-29,1.02922,0.7996
2012-08-30,1.03308,0.80412
2012-09-02,1.02531,0.79795
2012-09-03,1.02284,0.7946300000000001
2012-09-04,1.0197200000000002,0.79493
2012-09-05,1.02939,0.8016300000000001
2012-09-06,1.03892,0.81308
2012-09-09,1.03362,0.80982
2012-09-10,1.04339,0.8173699999999999
2012-09-11,1.04681,0.8203
2012-09-12,1.05461,0.83125
2012-09-13,1.05523,0.82939
2012-09-16,1.04766,0.82621
2012-09-17,1.0458,0.82705
2012-09-18,1.0480200000000002,0.82686
2012-09-19,1.0434700000000001,0.82911
2012-09-20,1.0457,0.8285399999999999
2012-09-23,1.04245,0.8229299999999999
2012-09-24,1.03909,0.82168
2012-09-25,1.0370700000000002,0.82439
2012-09-26,1.0442799999999999,0.8318200000000001
2012-09-27,1.0384,0.83005
2012-09-30,1.03646,0.8278200000000001
2012-10-01,1.02662,0.82763
2012-10-02,1.02175,0.8193
2012-10-03,1.02427,0.8219299999999999
2012-10-04,1.01823,0.8175399999999999
2012-10-07,1.01925,0.81924
2012-10-08,1.02057,0.81791
2012-10-09,1.02356,0.8165
2012-10-10,1.02641,0.8173199999999999
2012-10-11,1.02325,0.81639
2012-10-14,1.0254,0.81867
2012-10-15,1.0276299999999998,0.81439
2012-10-16,1.03825,0.8218200000000001
2012-10-17,1.03663,0.81843
2012-10-18,1.03334,0.81593
2012-10-21,1.0323,0.81781
2012-10-22,1.02661,0.81179
2012-10-23,1.0357100000000001,0.8205399999999999
2012-10-24,1.03484,0.81787
2012-10-25,1.03752,0.82326
2012-10-28,1.0332700000000001,0.81942
2012-10-29,1.03655,0.8209
2012-10-30,1.0377399999999999,0.82257
2012-10-31,1.0401200000000002,0.8270799999999999
2012-11-01,1.03395,0.82534
2012-11-04,1.0366,0.82536
2012-11-05,1.04344,0.8272299999999999
2012-11-06,1.0413700000000001,0.81857
2012-11-07,1.04061,0.8156899999999999
2012-11-08,1.0384200000000001,0.8143699999999999
2012-11-11,1.0427799999999998,0.81781
2012-11-12,1.04379,0.81607
2012-11-13,1.0377,0.8104399999999999
2012-11-14,1.0334,0.8093
2012-11-15,1.0341799999999999,0.81261
2012-11-18,1.0413700000000001,0.82011
2012-11-19,1.0388899999999999,0.81723
2012-11-20,1.03695,0.8146
2012-11-21,1.03906,0.81623
2012-11-22,1.04671,0.82419
2012-11-25,1.0465,0.82185
2012-11-26,1.04471,0.82073
2012-11-27,1.04776,0.8237700000000001
2012-11-28,1.04366,0.82276
2012-11-29,1.04296,0.82027
2012-12-02,1.04211,0.8209700000000001
2012-12-03,1.04725,0.82389
2012-12-04,1.0457100000000001,0.82873
2012-12-05,1.04863,0.8326
2012-12-06,1.04881,0.83288
2012-12-09,1.04887,0.8348700000000001
2012-12-10,1.05292,0.83921
2012-12-11,1.05546,0.84367
2012-12-12,1.05282,0.84309
2012-12-13,1.0567799999999998,0.84635
2012-12-16,1.0553,0.84504
2012-12-17,1.05351,0.84157
2012-12-18,1.04821,0.83411
2012-12-19,1.0484200000000001,0.83401
2012-12-20,1.04061,0.8244
2012-12-23,1.03694,0.8224899999999999
2012-12-25,1.03765,0.81985
2012-12-26,1.03795,0.8209200000000001
2012-12-27,1.0376299999999998,0.8199299999999999
2012-12-30,1.0394,0.8268399999999999
2013-01-01,1.05037,0.83395
2013-01-02,1.04672,0.8281299999999999
2013-01-03,1.048,0.8320000000000001
2013-01-06,1.0502799999999999,0.83725
2013-01-07,1.0504200000000001,0.8367399999999999
2013-01-08,1.05155,0.8397700000000001
2013-01-09,1.05984,0.84583
2013-01-10,1.0542,0.83685
2013-01-13,1.05656,0.84316
2013-01-14,1.05656,0.8397899999999999
2013-01-15,1.05731,0.84105
2013-01-16,1.05484,0.8364
2013-01-17,1.0508,0.8365100000000001
2013-01-20,1.0517100000000001,0.8361200000000001
2013-01-21,1.05665,0.84096
2013-01-22,1.0556,0.8425
2013-01-23,1.04515,0.83805
2013-01-24,1.0424200000000001,0.83798
2013-01-27,1.04178,0.8341700000000001
2013-01-28,1.04742,0.8395
2013-01-29,1.0416100000000001,0.83599
2013-01-30,1.04262,0.8392200000000001
2013-01-31,1.04085,0.8452799999999999
2013-02-02,1.04308,0.8482
2013-02-03,1.04387,0.84334
2013-02-04,1.03904,0.8451799999999999
2013-02-05,1.03205,0.8402200000000001
2013-02-06,1.0284200000000001,0.83314
2013-02-07,1.0321799999999999,0.8364799999999999
2013-02-09,1.03158,0.8367100000000001
2013-02-10,1.0255100000000001,0.83496
2013-02-11,1.0305799999999998,0.8406
2013-02-12,1.03748,0.84541
2013-02-13,1.03611,0.85101
2013-02-14,1.0307600000000001,0.8454
2013-02-16,1.0292299999999999,0.8444
2013-02-17,1.03062,0.8453
2013-02-18,1.03568,0.84705
2013-02-19,1.02583,0.83581
2013-02-20,1.0248,0.83394
2013-02-21,1.03231,0.8378700000000001
2013-02-23,1.03071,0.8366899999999999
2013-02-24,1.0259200000000002,0.8327899999999999
2013-02-25,1.02295,0.8247899999999999
2013-02-26,1.0235,0.82762
2013-02-27,1.02152,0.82495
2013-02-28,1.0205600000000001,0.8252200000000001
2013-03-03,1.01958,0.82773
2013-03-04,1.02576,0.8311
2013-03-05,1.02368,0.8284299999999999
2013-03-06,1.02684,0.8285600000000001
2013-03-07,1.02354,0.82173
2013-03-09,1.0205899999999999,0.82006
2013-03-10,1.02813,0.8281799999999999
2013-03-11,1.03246,0.82706
2013-03-12,1.02998,0.81833
2013-03-13,1.0384799999999998,0.82225
2013-03-14,1.04096,0.8276600000000001
2013-03-16,1.03637,0.82388
2013-03-17,1.04006,0.8265100000000001
2013-03-18,1.03718,0.8248200000000001
2013-03-19,1.03783,0.8222200000000001
2013-03-20,1.04415,0.8317100000000001
2013-03-21,1.04482,0.83598
2013-03-23,1.0443799999999999,0.83504
2013-03-24,1.04651,0.83519
2013-03-25,1.0486799999999998,0.83935
2013-03-26,1.04443,0.8369700000000001
2013-03-27,1.04118,0.83696
2013-03-28,1.04224,0.8368700000000001
2013-03-30,1.04241,0.83711
2013-03-31,1.0423200000000001,0.8370700000000001
2013-04-01,1.04505,0.8418100000000001
2013-04-02,1.04613,0.8417899999999999
2013-04-03,1.04351,0.8424
2013-04-04,1.03892,0.84372
2013-04-06,1.03702,0.84234
2013-04-07,1.04129,0.8461
2013-04-08,1.04892,0.8526799999999999
2013-04-09,1.05439,0.85775
2013-04-10,1.05461,0.8633200000000001
2013-04-11,1.0509700000000002,0.85905
2013-04-13,1.0512299999999999,0.8579100000000001
2013-04-14,1.03128,0.84075
2013-04-15,1.03919,0.8496100000000001
2013-04-16,1.0298100000000001,0.8441799999999999
2013-04-17,1.0302,0.84139
2013-04-18,1.0278100000000001,0.8421200000000001
2013-04-20,1.02815,0.84031
2013-04-21,1.0274,0.84241
2013-04-22,1.02633,0.84025
2013-04-23,1.02834,0.84772
2013-04-24,1.02916,0.85005
2013-04-25,1.02845,0.8485
2013-04-27,1.0288700000000002,0.84878
2013-04-28,1.0351700000000001,0.8567899999999999
2013-04-29,1.03722,0.8569399999999999
2013-04-30,1.0278399999999999,0.84995
2013-05-01,1.0249,0.8495799999999999
2013-05-02,1.03178,0.8536600000000001
2013-05-04,1.03138,0.8542299999999999
2013-05-05,1.02541,0.8515799999999999
2013-05-06,1.0184799999999998,0.84585
2013-05-07,1.01715,0.8402700000000001
2013-05-08,1.00928,0.83905
2013-05-09,1.0026700000000002,0.8307899999999999
2013-05-11,1.00063,0.82876
2013-05-12,0.99525,0.8251
2013-05-13,0.9889,0.81984
2013-05-14,0.98985,0.8242799999999999
2013-05-15,0.9809700000000001,0.8156899999999999
2013-05-16,0.9737100000000001,0.80708
2013-05-18,0.9757600000000001,0.80937
2013-05-19,0.9808100000000001,0.8174899999999999
2013-05-20,0.9802799999999999,0.81715
2013-05-21,0.96993,0.80776
2013-05-22,0.9749700000000001,0.8134399999999999
2013-05-23,0.9651700000000001,0.8097300000000001
2013-05-25,0.96509,0.81028
2013-05-26,0.9635,0.80876
2013-05-27,0.9616299999999999,0.80808
2013-05-28,0.9637600000000001,0.80999
2013-05-29,0.96626,0.8076399999999999
2013-05-30,0.95757,0.79527
2013-06-01,0.9625600000000001,0.79798
2013-06-02,0.9768100000000001,0.80894
2013-06-03,0.96491,0.80174
2013-06-04,0.95437,0.79695
2013-06-05,0.9600200000000001,0.80391
2013-06-06,0.94991,0.78872
2013-06-08,0.9413100000000001,0.7831100000000001
2013-06-09,0.9463299999999999,0.79033
2013-06-10,0.9432200000000001,0.7874899999999999
2013-06-11,0.9486700000000001,0.79879
2013-06-12,0.96431,0.80992
2013-06-13,0.95734,0.80442
2013-06-16,0.9548200000000001,0.7993100000000001
2013-06-17,0.9486700000000001,0.79997
2013-06-18,0.92976,0.79086
2013-06-19,0.91994,0.77582
2013-06-20,0.92212,0.77605
2013-06-22,0.9222,0.77649
2013-06-23,0.9250299999999999,0.77544
2013-06-24,0.92611,0.7752
2013-06-25,0.92786,0.7799
2013-06-26,0.9276700000000001,0.77973
2013-06-27,0.9142899999999999,0.77454
2013-06-29,0.91202,0.77271
2013-06-30,0.9238799999999999,0.7828
2013-07-01,0.91485,0.7753399999999999
2013-07-02,0.90885,0.77822
2013-07-03,0.9148299999999999,0.7833399999999999
2013-07-04,0.9072100000000001,0.7720100000000001
2013-07-06,0.9061299999999999,0.77094
2013-07-07,0.91335,0.78033
2013-07-08,0.91779,0.78552
2013-07-09,0.91751,0.78383
2013-07-10,0.91901,0.78547
2013-07-11,0.9055200000000001,0.77849
2013-07-13,0.9076,
2013-07-14,0.90994,0.78094
2013-07-15,0.92527,0.78963
2013-07-16,0.92396,0.79042
2013-07-17,0.91707,0.79051
2013-07-18,0.9183,0.79386
2013-07-20,0.91848,0.7901600000000001
2013-07-21,0.9250200000000001,0.7971
2013-07-22,0.9296700000000001,0.79991
2013-07-23,0.91674,0.7952100000000001
2013-07-24,0.92443,0.80852
2013-07-25,0.92699,0.80882
2013-07-27,0.92601,0.8083899999999999
2013-07-28,0.92132,0.80397
2013-07-29,0.9062899999999999,0.79905
2013-07-30,0.89855,0.79855
2013-07-31,0.89266,0.78969
2013-08-01,0.89064,0.7840699999999999
2013-08-03,0.89291,0.7762899999999999
2013-08-04,0.89294,0.78245
2013-08-05,0.89874,0.7901699999999999
2013-08-06,0.9000299999999999,0.79719
2013-08-07,0.91025,0.80089
2013-08-08,0.92017,0.80478
2013-08-10,0.9199700000000001,0.8034899999999999
2013-08-11,0.91489,0.80101
2013-08-12,0.9112,0.7966
2013-08-13,0.91225,0.80294
2013-08-14,0.91446,0.8074399999999999
2013-08-15,0.91864,0.8111
2013-08-17,0.91922,0.81186
2013-08-18,0.9111100000000001,0.80695
2013-08-19,0.9074399999999999,0.79814
2013-08-20,0.8972399999999999,0.78474
2013-08-21,0.90074,0.78322
2013-08-22,0.90328,0.78105
2013-08-24,0.9042100000000001,0.78196
2013-08-25,0.9028200000000001,0.78541
2013-08-26,0.89856,0.77984
2013-08-27,0.8941399999999999,0.78
2013-08-28,0.8931100000000001,0.77722
2013-08-29,0.8912100000000001,0.7729600000000001
2013-08-31,0.89499,0.77709
2013-09-01,0.89784,0.7812600000000001
2013-09-02,0.90607,0.7804399999999999
2013-09-03,0.91738,0.7907
2013-09-04,0.9124399999999999,0.78869
2013-09-05,0.91889,0.8005800000000001
2013-09-07,0.9206700000000001,0.8014100000000001
2013-09-08,0.9227799999999999,0.80202
2013-09-09,0.93127,0.80692
2013-09-10,0.93294,0.80894
2013-09-11,0.9272,0.81384
2013-09-12,0.92489,0.8140000000000001
2013-09-14,0.93361,0.8224100000000001
2013-09-15,0.93189,0.81738
2013-09-16,0.93548,0.8238
2013-09-17,0.9522200000000001,0.8373299999999999
2013-09-18,0.94421,0.8377100000000001
2013-09-19,0.9400700000000001,0.8376899999999999
2013-09-21,0.9372799999999999,0.8352799999999999
2013-09-22,0.9431299999999999,0.8375
2013-09-23,0.93927,0.82834
2013-09-24,0.9368200000000001,0.82426
2013-09-25,0.93615,0.82926
2013-09-26,0.9324,0.8280799999999999
2013-09-28,0.9319799999999999,0.8285100000000001
2013-09-29,0.93276,0.83081
2013-09-30,0.93989,0.82801
2013-10-01,0.93876,0.833
2013-10-02,0.9394100000000001,0.82952
2013-10-03,0.9435399999999999,0.8329700000000001
2013-10-05,0.94416,0.8329700000000001
2013-10-06,0.94294,0.8307700000000001
2013-10-07,0.9425,0.8292
2013-10-08,0.94452,0.8305100000000001
2013-10-09,0.94532,0.8285299999999999
2013-10-10,0.9471700000000001,0.83304
2013-10-12,0.9429,0.8315899999999999
2013-10-13,0.94895,0.8359
2013-10-14,0.9527399999999999,0.8392799999999999
2013-10-15,0.95539,0.84265
2013-10-16,0.9635,0.8488600000000001
2013-10-17,0.9678100000000001,0.85156
2013-10-19,0.9676600000000001,0.8496
2013-10-20,0.96531,0.84575
2013-10-21,0.9709399999999999,0.85164
2013-10-22,0.96234,0.8398200000000001
2013-10-23,0.9622700000000001,0.83567
2013-10-24,0.95896,0.8291299999999999
2013-10-26,0.9589700000000001,0.82944
2013-10-27,0.95736,0.83049
2013-10-28,0.94809,0.82685
2013-10-29,0.9484100000000001,0.82675
2013-10-30,0.94563,0.8265299999999999
2013-10-31,0.9438700000000001,0.8275100000000001
2013-11-02,0.94615,0.82639
2013-11-03,0.95106,0.82868
2013-11-04,0.9507899999999999,0.83668
2013-11-05,0.9526700000000001,0.8380200000000001
2013-11-06,0.94553,0.83262
2013-11-07,0.93852,0.8261299999999999
2013-11-09,0.9391700000000001,0.82719
2013-11-10,0.93604,0.8253799999999999
2013-11-11,0.93035,0.82225
2013-11-12,0.9358,0.8293
2013-11-13,0.93168,0.8274799999999999
2013-11-14,0.9373799999999999,0.83431
2013-11-16,0.9381,0.83606
2013-11-17,0.93779,0.8335600000000001
2013-11-18,0.94337,0.8373299999999999
2013-11-19,0.9335,0.82745
2013-11-20,0.9235200000000001,0.8206100000000001
2013-11-21,0.91722,0.8205
2013-11-23,0.91679,0.8186899999999999
2013-11-24,0.9162799999999999,0.82131
2013-11-25,0.91271,0.81963
2013-11-26,0.90817,0.81512
2013-11-27,0.91038,0.81204
2013-11-28,0.91141,0.8134600000000001
2013-11-30,0.9134399999999999,0.81629
2013-12-01,0.91064,0.8186399999999999
2013-12-02,0.91366,0.8242799999999999
2013-12-03,0.9032,0.82001
2013-12-04,0.9063200000000001,0.82221
2013-12-05,0.91059,0.8294
2013-12-07,0.91253,0.8294100000000001
2013-12-08,0.91084,0.82849
2013-12-09,0.91504,0.8314299999999999
2013-12-10,0.90497,0.82586
2013-12-11,0.8937799999999999,0.8251299999999999
2013-12-12,0.8968299999999999,0.82694
2013-12-14,0.89664,0.8272
2013-12-15,0.89476,0.8260200000000001
2013-12-16,0.8899299999999999,0.82745
2013-12-17,0.8861399999999999,0.8238700000000001
2013-12-18,0.88671,0.81934
2013-12-19,0.89244,0.8200299999999999
2013-12-21,0.8927200000000001,0.8213799999999999
2013-12-22,0.8935299999999999,0.8202799999999999
2013-12-23,0.89176,0.8184899999999999
2013-12-25,0.88974,0.81707
2013-12-26,0.8871899999999999,0.8154
2013-12-28,0.88674,0.81671
2013-12-29,0.89065,0.82039
2013-12-30,0.89295,0.82296
2014-01-01,0.89112,0.81868
2014-01-02,0.8950100000000001,0.8276899999999999
2014-01-04,0.89649,0.82809
2014-01-05,0.89685,0.82921
2014-01-06,0.8928,0.8284600000000001
2014-01-07,0.8903,0.8267399999999999
2014-01-08,0.88986,0.82555
2014-01-09,0.89974,0.83054
2014-01-11,0.90022,0.8296600000000001
2014-01-12,0.90543,0.8378
2014-01-13,0.8965200000000001,0.8383299999999999
2014-01-14,0.8916200000000001,0.83406
2014-01-15,0.88213,0.83567
2014-01-16,0.8784799999999999,0.8266
2014-01-18,0.8778799999999999,0.82596
2014-01-19,0.88121,0.8326899999999999
2014-01-20,0.8806,0.83195
2014-01-21,0.88525,0.83106
2014-01-22,0.8769100000000001,0.8305299999999999
2014-01-23,0.8686200000000001,0.82301
2014-01-25,0.86972,0.82405
2014-01-26,0.8739,0.82365
2014-01-27,0.8780399999999999,0.82601
2014-01-28,0.8739,0.8214100000000001
2014-01-29,0.87945,0.8166899999999999
2014-01-30,0.8760100000000001,0.80943
2014-02-01,0.8767299999999999,0.81048
2014-02-02,0.87525,0.80899
2014-02-03,0.89259,0.82468
2014-02-04,0.89135,0.82175
2014-02-05,0.89595,0.82525
2014-02-06,0.89605,0.83
2014-02-08,0.8957,0.82919
2014-02-09,0.8949600000000001,0.82721
2014-02-10,0.90376,0.8322200000000001
2014-02-11,0.9027,0.8322299999999999
2014-02-12,0.89797,0.83425
2014-02-13,0.9038799999999999,0.8377100000000001
2014-02-15,0.90635,0.8371200000000001
2014-02-16,0.90336,0.8371
2014-02-17,0.90284,0.83063
2014-02-18,0.9000100000000001,0.82747
2014-02-19,0.9007,0.83081
2014-02-20,0.8977200000000001,0.8286100000000001
2014-02-22,0.89851,0.82868
2014-02-23,0.90448,0.83311
2014-02-24,0.9021299999999999,0.83481
2014-02-25,0.897,0.8315100000000001
2014-02-26,0.8966200000000001,0.83701
2014-02-27,0.89317,0.8386100000000001
2014-03-01,0.8897799999999999,0.8365100000000001
2014-03-02,0.8939600000000001,0.8373700000000001
2014-03-03,0.8951899999999999,0.8391200000000001
2014-03-04,0.8986,0.8418100000000001
2014-03-05,0.9091,0.8476100000000001
2014-03-06,0.9079,0.84767
2014-03-08,0.90391,0.84601
2014-03-09,0.90209,0.84731
2014-03-10,0.89781,0.84719
2014-03-11,0.89891,0.85251
2014-03-12,0.9035799999999999,0.85446
2014-03-13,0.9035,0.85441
2014-03-15,0.90049,
2014-03-16,0.90875,0.8566799999999999
2014-03-17,0.91286,0.8622799999999999
2014-03-18,0.9043,0.85641
2014-03-19,0.90402,0.85351
2014-03-20,0.90886,0.85401
2014-03-22,0.9104,0.85531
2014-03-23,0.9133100000000001,0.8549100000000001
2014-03-24,0.91665,0.85801
2014-03-25,0.9227,0.85914
2014-03-26,0.9259999999999999,0.86725
2014-03-27,0.9253100000000001,0.86721
2014-03-29,0.9244100000000001,0.8669100000000001
2014-03-30,0.9265100000000001,0.8678100000000001
2014-03-31,0.9248299999999999,0.86411
2014-04-01,0.9249,0.8577100000000001
2014-04-02,0.9233600000000001,0.8545799999999999
2014-04-03,0.9294100000000001,0.86085
2014-04-05,0.929,0.8592299999999999
2014-04-06,0.9271299999999999,0.8603200000000001
2014-04-07,0.9363600000000001,0.86851
2014-04-08,0.9391299999999999,0.8718100000000001
2014-04-09,0.9414799999999999,0.86851
2014-04-10,0.9396100000000001,0.8696799999999999
2014-04-12,0.93929,0.86919
2014-04-13,0.9425,0.8690100000000001
2014-04-14,0.9363,0.86441
2014-04-15,0.9373600000000001,0.86269
2014-04-16,0.93311,0.85731
2014-04-17,0.9341,0.85865
2014-04-19,0.9340299999999999,0.8579600000000001
2014-04-20,0.93279,0.8577100000000001
2014-04-21,0.9368,0.86051
2014-04-22,0.9294399999999999,0.8597100000000001
2014-04-23,0.9266200000000001,0.8568100000000001
2014-04-24,0.92843,0.85821
2014-04-26,0.92827,0.85826
2014-04-27,0.92581,0.8539899999999999
2014-04-28,0.9268299999999999,0.85531
2014-04-29,0.9288700000000001,0.8618100000000001
2014-04-30,0.92745,0.86361
2014-05-01,0.92781,0.86711
2014-05-03,0.9292,0.8676299999999999
2014-05-04,0.9275100000000001,0.8680100000000001
2014-05-05,0.93547,0.8744200000000001
2014-05-06,0.93281,0.86631
2014-05-07,0.93781,0.8650100000000001
2014-05-08,0.93648,0.8619100000000001
2014-05-10,0.9364899999999999,0.86265
2014-05-11,0.9364100000000001,0.86231
2014-05-12,0.93666,0.86311
2014-05-13,0.93796,0.8670100000000001
2014-05-14,0.93579,0.8647100000000001
2014-05-15,0.93701,0.86385
2014-05-17,0.9375700000000001,0.86374
2014-05-18,0.9331799999999999,0.86321
2014-05-19,0.9243100000000001,0.85741
2014-05-20,0.9252,0.85801
2014-05-21,0.92266,0.8569100000000001
2014-05-22,0.9236200000000001,0.8560200000000001
2014-05-24,0.9236700000000001,0.8543799999999999
2014-05-25,0.92369,0.85531
2014-05-26,0.92594,0.85645
2014-05-27,0.9237,0.84951
2014-05-28,0.93074,0.84864
2014-05-29,0.9318799999999999,0.8507299999999999
2014-05-31,0.9315399999999999,0.84977
2014-06-01,0.9250299999999999,0.84551
2014-06-02,0.92669,0.8431
2014-06-03,0.9277799999999999,0.84216
2014-06-04,0.9341799999999999,0.85001
2014-06-05,0.9339700000000001,0.85135
2014-06-07,0.9339299999999999,0.8509700000000001
2014-06-08,0.93576,0.8497100000000001
2014-06-09,0.9374,0.8529100000000001
2014-06-10,0.93875,0.85431
2014-06-11,0.9430299999999999,0.8688299999999999
2014-06-12,0.9406899999999999,0.86806
2014-06-14,0.9398799999999999,0.86674
2014-06-15,0.9402,0.86761
2014-06-16,0.934,0.86598
2014-06-17,0.941,0.87361
2014-06-18,0.9399799999999999,0.8719100000000001
2014-06-19,0.93927,0.87077
2014-06-21,0.9376899999999999,0.87067
2014-06-22,0.9423799999999999,0.87151
2014-06-23,0.9368200000000001,0.86751
2014-06-24,0.94085,0.87398
2014-06-25,0.9415600000000001,0.87831
2014-06-26,0.94305,0.8787799999999999
2014-06-28,0.9424899999999999,0.8789
2014-06-29,0.94337,0.8759600000000001
2014-06-30,0.9498,0.87761
2014-07-01,0.94447,0.87751
2014-07-02,0.93475,0.8755
2014-07-03,0.9364899999999999,0.87449
2014-07-05,0.9367200000000001,0.8751700000000001
2014-07-06,0.9374,0.87631
2014-07-07,0.9401799999999999,0.8789799999999999
2014-07-08,0.94147,0.8825299999999999
2014-07-09,0.93965,0.88241
2014-07-10,0.93973,0.88256
2014-07-12,0.9379299999999999,0.8822200000000001
2014-07-13,0.9394600000000001,0.8811100000000001
2014-07-14,0.9371700000000001,0.87721
2014-07-15,0.93694,0.87145
2014-07-16,0.9353600000000001,0.8671399999999999
2014-07-17,0.9399799999999999,0.8701
2014-07-19,0.93968,0.87064
2014-07-20,0.9375,0.86897
2014-07-21,0.93953,0.86693
2014-07-22,0.94576,0.87051
2014-07-23,0.94209,0.8573700000000001
2014-07-24,0.9402299999999999,0.85641
2014-07-26,0.93973,0.8558100000000001
2014-07-27,0.9408,0.8548100000000001
2014-07-28,0.93895,0.85059
2014-07-29,0.93414,0.84921
2014-07-30,0.92955,0.8503799999999999
2014-07-31,0.93201,0.85151
2014-08-02,0.93153,0.8516299999999999
2014-08-03,0.9336399999999999,0.85255
2014-08-04,0.93066,0.8470799999999999
2014-08-05,0.93584,0.84852
2014-08-06,0.9272600000000001,0.8478700000000001
2014-08-07,0.92801,0.84655
2014-08-09,0.9277299999999999,0.8465299999999999
2014-08-10,0.92658,0.84593
2014-08-11,0.9274100000000001,0.84364
2014-08-12,0.93058,0.8462299999999999
2014-08-13,0.9319700000000001,0.84945
2014-08-14,0.93265,0.84988
2014-08-16,0.9317700000000001,0.84929
2014-08-17,0.93255,0.84805
2014-08-18,0.93045,0.84259
2014-08-19,0.92879,0.8375100000000001
2014-08-20,0.9304100000000001,0.8408
2014-08-21,0.93191,0.8416399999999999
2014-08-23,0.93125,0.8402700000000001
2014-08-24,0.9298799999999999,0.8344
2014-08-25,0.93089,0.8332799999999999
2014-08-26,0.9336700000000001,0.83747
2014-08-27,0.9358299999999999,0.8384799999999999
2014-08-28,0.93461,0.83701
2014-08-30,0.93269,0.8352799999999999
2014-08-31,0.93319,0.83783
2014-09-01,0.92775,0.8317700000000001
2014-09-02,0.9347,0.8330299999999999
2014-09-03,0.93494,0.8310700000000001
2014-09-04,0.9382,0.83363
2014-09-06,0.9370200000000001,0.8315100000000001
2014-09-07,0.9283299999999999,0.8275600000000001
2014-09-08,0.9203600000000001,0.8245100000000001
2014-09-09,0.91646,0.8234299999999999
2014-09-10,0.91001,0.81871
2014-09-11,0.9041399999999999,0.8153
2014-09-13,0.9013700000000001,0.8153600000000001
2014-09-14,0.9029799999999999,0.81782
2014-09-15,0.90956,0.8205100000000001
2014-09-16,0.8960799999999999,0.8106800000000001
2014-09-17,0.8991,0.81542
2014-09-18,0.89315,0.8135100000000001
2014-09-20,0.89371,0.81589
2014-09-21,0.8873,0.81216
2014-09-22,0.8843799999999999,0.8055399999999999
2014-09-23,0.88855,0.80804
2014-09-24,0.8788299999999999,0.7930699999999999
2014-09-25,0.87685,0.78683
2014-09-27,0.87572,0.78735
2014-09-28,0.8719899999999999,0.7769
2014-09-29,0.8747299999999999,0.78092
2014-09-30,0.8738600000000001,0.7790199999999999
2014-10-01,0.88035,0.79028
2014-10-02,0.8682700000000001,0.7779
2014-10-04,0.86808,0.77698
2014-10-05,0.8763700000000001,0.78476
2014-10-06,0.88195,0.78342
2014-10-07,0.8841700000000001,0.79083
2014-10-08,0.87836,0.78698
2014-10-09,0.8693,0.78258
2014-10-11,0.86924,0.78238
2014-10-12,0.87721,0.78965
2014-10-13,0.8714200000000001,0.78459
2014-10-14,0.8831899999999999,0.79896
2014-10-15,0.8760399999999999,0.79595
2014-10-16,0.87536,0.79313
2014-10-18,0.87584,0.79289
2014-10-19,0.8788100000000001,0.79678
2014-10-20,0.87818,0.7966300000000001
2014-10-21,0.87808,0.7930699999999999
2014-10-22,0.87616,0.78247
2014-10-23,0.88026,0.7872
2014-10-25,0.8805200000000001,0.78556
2014-10-26,0.8803799999999999,0.7895399999999999
2014-10-27,0.88564,0.7922600000000001
2014-10-28,0.87977,0.7803899999999999
2014-10-29,0.8836200000000001,0.7854
2014-10-30,0.8798299999999999,0.7797
2014-11-01,0.87535,0.7773899999999999
2014-11-02,0.86823,0.77198
2014-11-03,0.8739100000000001,0.78125
2014-11-04,0.85946,0.77304
2014-11-05,0.8559700000000001,0.76927
2014-11-06,0.8636299999999999,0.77565
2014-11-08,0.86487,0.77828
2014-11-09,0.8623799999999999,0.77505
2014-11-10,0.8688600000000001,0.78099
2014-11-11,0.8719,0.7885300000000001
2014-11-12,0.87235,0.78857
2014-11-13,0.8753,0.79125
2014-11-15,0.87813,0.79528
2014-11-16,0.87095,0.7914
2014-11-17,0.8721700000000001,0.7924800000000001
2014-11-18,0.8621,0.7853399999999999
2014-11-19,0.86211,0.78735
2014-11-20,0.86823,0.7895
2014-11-22,0.8679399999999999,0.78906
2014-11-23,0.8618,0.78696
2014-11-24,0.85354,0.7813
2014-11-25,0.85524,0.78799
2014-11-26,0.85444,0.78727
2014-11-27,0.85121,0.78501
2014-11-29,0.8469399999999999,0.78217
2014-11-30,0.8491299999999999,0.78759
2014-12-01,0.84455,0.78063
2014-12-02,0.8406600000000001,0.77613
2014-12-03,0.8385600000000001,0.77854
2014-12-04,0.83301,0.7724300000000001
2014-12-06,0.8306399999999999,0.77037
2014-12-07,0.8295100000000001,0.76573
2014-12-08,0.82934,0.7687
2014-12-09,0.8319,0.78147
2014-12-10,0.82768,0.78188
2014-12-11,0.82521,0.77873
2014-12-13,0.82489,0.77851
2014-12-14,0.8212700000000001,0.77469
2014-12-15,0.82205,0.7800199999999999
2014-12-16,0.81298,0.77174
2014-12-17,0.8167,0.77705
2014-12-18,0.8155100000000001,0.77498
2014-12-20,0.8147399999999999,0.7752600000000001
2014-12-21,0.81402,0.77293
2014-12-22,0.8106899999999999,0.7713800000000001
2014-12-23,0.8109999999999999,0.77273
2014-12-25,0.81261,0.7771100000000001
2014-12-27,0.81309,0.77587
2014-12-28,0.8133699999999999,0.77883
2014-12-29,0.81868,0.7831899999999999
2014-12-30,0.81626,0.77946
2015-01-01,0.8095100000000001,0.7710100000000001
2015-01-03,0.80743,0.76895
2015-01-04,0.8086300000000001,0.76864
2015-01-05,0.80857,0.77622
2015-01-06,0.80791,0.77879
2015-01-07,0.81237,0.78287
2015-01-08,0.8209,0.7845300000000001
2015-01-10,0.821,0.78498
2015-01-11,0.81575,0.77883
2015-01-12,0.81663,0.7738
2015-01-13,0.81505,0.77186
2015-01-14,0.82255,0.78238
2015-01-15,0.82305,0.7803399999999999
2015-01-17,0.8223,0.77836
2015-01-18,0.8216,0.77922
2015-01-19,0.81714,0.76399
2015-01-20,0.80875,0.75543
2015-01-21,0.8026800000000001,0.75044
2015-01-22,0.79259,0.74737
2015-01-24,0.78891,0.74426
2015-01-25,0.79257,0.7427600000000001
2015-01-26,0.79375,0.7459
2015-01-27,0.7889,0.73188
2015-01-28,0.7761899999999999,0.72701
2015-01-29,0.77789,0.7275
2015-01-31,0.77617,0.7269800000000001
2015-02-01,0.78035,0.73139
2015-02-02,0.77932,0.73606
2015-02-03,0.7753399999999999,0.73764
2015-02-04,0.77984,0.7405
2015-02-05,0.78086,0.7378100000000001
2015-02-07,0.7762100000000001,0.73647
2015-02-08,0.7802399999999999,0.74185
2015-02-09,0.77708,0.74043
2015-02-10,0.7722600000000001,0.73712
2015-02-11,0.77355,0.74266
2015-02-12,0.77725,0.74671
2015-02-14,0.77761,0.74858
2015-02-15,0.7772899999999999,0.75047
2015-02-16,0.7822600000000001,0.7540899999999999
2015-02-17,0.7811,0.75508
2015-02-18,0.7792600000000001,0.75245
2015-02-19,0.78455,0.75446
2015-02-21,0.78479,0.75362
2015-02-22,0.7802899999999999,0.75321
2015-02-23,0.7832,0.74915
2015-02-24,0.78868,0.75616
2015-02-25,0.7800199999999999,0.75383
2015-02-26,0.78135,0.75715
2015-02-28,0.78082,0.75641
2015-03-01,0.77666,0.75143
2015-03-02,0.7818,0.7557699999999999
2015-03-03,0.78182,0.75974
2015-03-04,0.7782600000000001,0.74945
2015-03-05,0.77251,0.73785
2015-03-07,0.77078,0.73648
2015-03-08,0.77032,0.736
2015-03-09,0.76285,0.7278600000000001
2015-03-10,0.75956,0.7296
2015-03-11,0.77082,0.73916
2015-03-12,0.76464,0.73568
2015-03-14,0.76207,0.7328899999999999
2015-03-15,0.76453,0.73765
2015-03-16,0.76176,0.7308100000000001
2015-03-17,0.7778,0.74969
2015-03-18,0.76527,0.7421800000000001
2015-03-19,0.77878,0.75675
2015-03-21,0.7782600000000001,0.7582300000000001
2015-03-22,0.7881,0.7653800000000001
2015-03-23,0.78772,0.76548
2015-03-24,0.78485,0.7610100000000001
2015-03-25,0.78285,0.76039
2015-03-26,0.77531,0.75721
2015-03-28,0.77359,0.7557
2015-03-29,0.7654,0.7513
2015-03-30,0.7607,0.74793
2015-03-31,0.75998,0.74534
2015-04-01,0.75922,0.75141
2015-04-02,0.7637,0.7602800000000001
2015-04-04,0.76443,0.75984
2015-04-05,0.75976,0.7544
2015-04-06,0.76335,0.74953
2015-04-07,0.76866,0.75581
2015-04-08,0.76928,0.75718
2015-04-09,0.76931,0.75378
2015-04-11,0.76712,0.75346
2015-04-12,0.75897,0.74555
2015-04-13,0.76264,0.75263
2015-04-14,0.76856,0.7603
2015-04-15,0.78036,0.76776
2015-04-16,0.77851,0.76923
2015-04-18,0.78345,0.77156
2015-04-19,0.77252,0.76666
2015-04-20,0.77156,0.7676
2015-04-21,0.77598,0.76675
2015-04-22,0.77788,0.75983
2015-04-23,0.78265,0.76112
2015-04-25,0.78261,0.75998
2015-04-26,0.78589,0.76507
2015-04-27,0.8024600000000001,0.7725
2015-04-28,0.80096,0.76941
2015-04-29,0.79063,0.76222
2015-04-30,0.7850699999999999,0.75485
2015-05-02,0.78363,0.75366
2015-05-03,0.78376,0.75397
2015-05-04,0.79425,0.7558199999999999
2015-05-05,0.79747,0.7499399999999999
2015-05-06,0.79071,0.74541
2015-05-07,0.79385,0.7499600000000001
2015-05-09,0.7935800000000001,0.7477600000000001
2015-05-10,0.7891199999999999,0.73355
2015-05-11,0.7976800000000001,0.73659
2015-05-12,0.8113100000000001,0.7485
2015-05-13,0.80866,0.75012
2015-05-14,0.80425,0.7479
2015-05-16,0.80442,0.7453
2015-05-17,0.79951,0.7391399999999999
2015-05-18,0.79142,0.73449
2015-05-19,0.7878,0.7308899999999999
2015-05-20,0.78964,0.73515
2015-05-21,0.78361,0.73161
2015-05-23,0.7833100000000001,0.7318
2015-05-24,0.78269,0.73118
2015-05-25,0.77362,0.72354
2015-05-26,0.77351,0.72665
2015-05-27,0.7650399999999999,0.71786
2015-05-28,0.76505,0.7116899999999999
2015-05-30,0.76439,0.70998
2015-05-31,0.7609600000000001,0.70998
2015-06-01,0.7773100000000001,0.71829
2015-06-02,0.7787,0.7156899999999999
2015-06-03,0.76925,0.71314
2015-06-04,0.76307,0.70536
2015-06-06,0.7629600000000001,0.70503
2015-06-07,0.77083,0.7145
2015-06-08,0.76917,0.71397
2015-06-09,0.7770100000000001,0.72051
2015-06-10,0.7756,0.70138
2015-06-11,0.77381,0.69931
2015-06-13,0.7753800000000001,0.69939
2015-06-14,0.77665,0.70003
2015-06-15,0.7754300000000001,0.6991
2015-06-16,0.77523,0.69911
2015-06-17,0.7802399999999999,0.6928
2015-06-18,0.7779699999999999,0.69201
2015-06-20,0.7770600000000001,0.69179
2015-06-21,0.77285,0.68645
2015-06-22,0.77376,0.6857800000000001
2015-06-23,0.7708,0.6894899999999999
2015-06-24,0.77432,0.69153
2015-06-25,0.76615,0.68488
2015-06-27,0.76277,0.6842699999999999
2015-06-28,0.76798,0.68518
2015-06-29,0.7711100000000001,0.6766800000000001
2015-06-30,0.76459,0.67406
2015-07-01,0.76336,0.6725800000000001
2015-07-02,0.75221,0.67011
2015-07-04,0.74815,0.66722
2015-07-05,0.75002,0.66886
2015-07-06,0.74525,0.66543
2015-07-07,0.743,0.67296
2015-07-08,0.74495,0.67493
2015-07-09,0.74448,0.67274
2015-07-11,0.74207,0.6709999999999999
2015-07-12,0.7407,0.6699
2015-07-13,0.7457699999999999,0.6724100000000001
2015-07-14,0.7379600000000001,0.6591600000000001
2015-07-15,0.74063,0.6519199999999999
2015-07-16,0.73795,0.65263
2015-07-18,0.73853,0.65223
2015-07-19,0.73724,0.65723
2015-07-20,0.74203,0.66286
2015-07-21,0.73811,0.65895
2015-07-22,0.73551,0.66078
2015-07-23,0.72872,0.65808
2015-07-25,0.72714,0.65777
2015-07-26,0.7270300000000001,0.66054
2015-07-27,0.73385,0.66971
2015-07-28,0.7297600000000001,0.66708
2015-07-29,0.72925,0.6605800000000001
2015-07-30,0.73135,0.6602399999999999
2015-08-01,0.73247,0.6612600000000001
2015-08-02,0.7286,0.65681
2015-08-03,0.738,0.6541899999999999
2015-08-04,0.7356699999999999,0.65165
2015-08-05,0.7349100000000001,0.65551
2015-08-06,0.74202,0.6627
2015-08-08,0.7418100000000001,0.66237
2015-08-09,0.74137,0.6625300000000001
2015-08-10,0.73064,0.65366
2015-08-11,0.73811,0.66241
2015-08-12,0.7367100000000001,0.65768
2015-08-13,0.7389,0.6549
2015-08-15,0.73825,0.65488
2015-08-16,0.73723,0.6576
2015-08-17,0.73419,0.6603399999999999
2015-08-18,0.7351,0.66061
2015-08-19,0.7337899999999999,0.66372
2015-08-20,0.7326,0.66928
2015-08-22,0.73064,0.66679
2015-08-23,0.71575,0.6482399999999999
2015-08-24,0.7132,0.64783
2015-08-25,0.7125100000000001,0.64457
2015-08-26,0.71665,0.6470899999999999
2015-08-27,0.7175699999999999,0.64699
2015-08-29,0.7158800000000001,0.6471899999999999
2015-08-30,0.71138,0.63438
2015-08-31,0.7018300000000001,0.6339
2015-09-01,0.70396,0.63581
2015-09-02,0.7017899999999999,0.63999
2015-09-03,0.69167,0.62844
2015-09-05,0.69285,0.63057
2015-09-06,0.6925100000000001,0.62616
2015-09-07,0.70176,0.6352
2015-09-08,0.70231,0.64008
2015-09-09,0.70721,0.6292
2015-09-10,0.70927,0.6319
2015-09-12,0.70824,0.63176
2015-09-13,0.7138100000000001,0.6330899999999999
2015-09-14,0.71422,0.63571
2015-09-15,0.7197600000000001,0.63688
2015-09-16,0.7182,0.63541
2015-09-17,0.7199399999999999,0.64058
2015-09-19,0.71863,0.63963
2015-09-20,0.7136100000000001,0.63251
2015-09-21,0.70905,0.62988
2015-09-22,0.7004100000000001,0.62755
2015-09-23,0.7026399999999999,0.6361899999999999
2015-09-24,0.70335,0.63922
2015-09-26,0.70305,0.63739
2015-09-27,0.69896,0.6330399999999999
2015-09-28,0.69917,0.6348
2015-09-29,0.70216,0.6399699999999999
2015-09-30,0.70331,0.64039
2015-10-01,0.70562,0.6451600000000001
2015-10-03,0.70589,0.6460899999999999
2015-10-04,0.70862,0.64942
2015-10-05,0.7166399999999999,0.6546
2015-10-06,0.7209300000000001,0.66125
2015-10-07,0.7261,0.6673
2015-10-08,0.7339100000000001,0.6700699999999999
2015-10-10,0.73212,0.66871
2015-10-11,0.73634,0.672
2015-10-12,0.7246100000000001,0.66452
2015-10-13,0.7304,0.6794399999999999
2015-10-14,0.73335,0.68534
2015-10-15,0.72741,0.68162
2015-10-17,0.7259899999999999,0.68029
2015-10-18,0.72497,0.67966
2015-10-19,0.7261,0.67552
2015-10-20,0.72146,0.67081
2015-10-21,0.72123,0.67953
2015-10-22,0.72229,0.67594
2015-10-24,0.7220300000000001,0.67604
2015-10-25,0.72517,0.6792600000000001
2015-10-26,0.71972,0.67701
2015-10-27,0.71155,0.67055
2015-10-28,0.70787,0.6695399999999999
2015-10-29,0.71412,0.6783899999999999
2015-10-31,0.7117100000000001,0.67467
2015-11-01,0.7147399999999999,0.67499
2015-11-02,0.7187399999999999,0.6666300000000001
2015-11-03,0.7149399999999999,0.65993
2015-11-04,0.71445,0.6615300000000001
2015-11-05,0.70496,0.65291
2015-11-07,0.70301,0.65205
2015-11-08,0.705,0.6533899999999999
2015-11-09,0.70321,0.6531100000000001
2015-11-10,0.70626,0.65633
2015-11-11,0.7127600000000001,0.65464
2015-11-12,0.71344,0.6541899999999999
2015-11-14,0.71227,0.6553100000000001
2015-11-15,0.7097100000000001,0.64974
2015-11-16,0.71133,0.6473800000000001
2015-11-17,0.71114,0.64728
2015-11-18,0.71953,0.6568
2015-11-19,0.72446,0.65742
2015-11-21,0.72321,0.6562899999999999
2015-11-22,0.71939,0.65225
2015-11-23,0.72575,0.65556
2015-11-24,0.72537,0.65805
2015-11-25,0.72275,0.6574300000000001
2015-11-26,0.7198,0.65413
2015-11-28,0.71935,0.65381
2015-11-29,0.7228899999999999,0.6587
2015-11-30,0.73244,0.6681199999999999
2015-12-01,0.7309399999999999,0.66446
2015-12-02,0.73418,0.6693
2015-12-03,0.73421,0.67488
2015-12-05,0.73423,0.67462
2015-12-06,0.72687,0.6645800000000001
2015-12-07,0.72172,0.66532
2015-12-08,0.72309,0.6721699999999999
2015-12-09,0.72821,0.6755
2015-12-10,0.71941,0.67194
2015-12-12,0.7206899999999999,0.67202
2015-12-13,0.7249399999999999,0.67638
2015-12-14,0.71937,0.67737
2015-12-15,0.72318,0.6803100000000001
2015-12-16,0.713,0.67073
2015-12-17,0.71745,0.67327
2015-12-19,0.71701,0.67342
2015-12-20,0.71911,0.67674
2015-12-21,0.7237899999999999,0.68078
2015-12-22,0.7238,0.67981
2015-12-23,0.72755,0.68395
2015-12-26,0.72849,0.68442
2015-12-27,0.725,0.68528
2015-12-28,0.72968,0.68718
2015-12-29,0.72875,0.68442
2015-12-30,0.72927,0.68384
2016-01-02,0.72909,0.68312
2016-01-03,0.71918,0.6754399999999999
2016-01-04,0.71625,0.67066
2016-01-05,0.70729,0.6642100000000001
2016-01-06,0.70125,0.6633
2016-01-07,0.69575,0.65454
2016-01-09,0.69725,0.6565300000000001
2016-01-10,0.69981,0.6563
2016-01-11,0.69862,0.65455
2016-01-12,0.6958,0.65168
2016-01-13,0.69862,0.64748
2016-01-14,0.68661,0.64748
2016-01-16,0.68395,0.64151
2016-01-17,0.6867300000000001,0.64563
2016-01-18,0.69106,0.6410600000000001
2016-01-19,0.69083,0.6431
2016-01-20,0.70004,0.65345
2016-01-21,0.70075,0.6498
2016-01-23,0.7006100000000001,0.6497
2016-01-24,0.69563,0.64591
2016-01-25,0.70065,0.65007
2016-01-26,0.70277,0.6435
2016-01-27,0.70849,0.6481600000000001
2016-01-28,0.7085199999999999,0.6488
2016-01-30,0.7086899999999999,0.64932
2016-01-31,0.71159,0.65512
2016-02-01,0.70395,0.6516
2016-02-02,0.71695,0.6672600000000001
2016-02-03,0.7202,0.6725800000000001
2016-02-04,0.7068,0.66338
2016-02-06,0.7076899999999999,0.66291
2016-02-07,0.70891,0.66301
2016-02-08,0.70715,0.66381
2016-02-09,0.7096399999999999,0.66896
2016-02-10,0.71094,0.67192
2016-02-11,0.71101,0.66352
2016-02-13,0.71116,0.6622
2016-02-14,0.71418,0.66502
2016-02-15,0.71121,0.65825
2016-02-16,0.71845,0.6639
2016-02-17,0.71575,0.66477
2016-02-18,0.7155100000000001,0.66341
2016-02-20,0.7157,0.66538
2016-02-21,0.7228899999999999,0.67032
2016-02-22,0.72037,0.66477
2016-02-23,0.7197399999999999,0.6663100000000001
2016-02-24,0.7238399999999999,0.6726800000000001
2016-02-25,0.71321,0.66343
2016-02-27,0.7124199999999999,0.65908
2016-02-28,0.71424,0.6591100000000001
2016-02-29,0.71765,0.6636
2016-03-01,0.72959,0.66802
2016-03-02,0.73531,0.67289
2016-03-03,0.7440100000000001,0.6826800000000001
2016-03-05,0.74073,0.67947
2016-03-06,0.7469899999999999,0.68042
2016-03-07,0.7440000000000001,0.67485
2016-03-08,0.7486,0.6655399999999999
2016-03-09,0.74558,0.66695
2016-03-10,0.75675,0.67485
2016-03-12,0.75476,0.67296
2016-03-13,0.75169,0.66777
2016-03-14,0.74593,0.6604800000000001
2016-03-15,0.7555,0.67292
2016-03-16,0.7652100000000001,0.6855899999999999
2016-03-17,0.76088,0.68028
2016-03-19,0.7600600000000001,0.6793100000000001
2016-03-20,0.7579100000000001,0.6766800000000001
2016-03-21,0.7623,0.67572
2016-03-22,0.75327,0.67101
2016-03-23,0.75322,0.67051
2016-03-24,0.75135,0.66901
2016-03-26,0.75183,0.66851
2016-03-27,0.75454,0.67277
2016-03-28,0.76289,0.68572
2016-03-29,0.76723,0.6925399999999999
2016-03-30,0.76584,0.69122
2016-03-31,0.76852,0.69102
2016-04-02,0.76723,0.68929
2016-04-03,0.7609999999999999,0.68377
2016-04-04,0.75469,0.68055
2016-04-05,0.7600399999999999,0.68282
2016-04-06,0.7506,0.67805
2016-04-07,0.75565,0.6814600000000001
2016-04-09,0.7550899999999999,0.68152
2016-04-10,0.76002,0.68596
2016-04-11,0.7688,0.69255
2016-04-12,0.76543,0.69205
2016-04-13,0.7698,0.6853899999999999
2016-04-14,0.77313,0.69291
2016-04-16,0.76571,0.68881
2016-04-17,0.77509,0.69502
2016-04-18,0.7814,0.70504
2016-04-19,0.77963,0.69821
2016-04-20,0.77398,0.6915399999999999
2016-04-21,0.77161,0.6854399999999999
2016-04-23,0.76989,0.68577
2016-04-24,0.77169,0.68571
2016-04-25,0.77527,0.69042
2016-04-26,0.75898,0.68288
2016-04-27,0.76288,0.69663
2016-04-28,0.7609100000000001,0.69826
2016-04-30,0.75995,0.6978
2016-05-01,0.7669,0.70221
2016-05-02,0.7485,0.69176
2016-05-03,0.7461,0.68828
2016-05-04,0.7468,0.68862
2016-05-05,0.73715,0.68429
2016-05-07,0.736,0.68396
2016-05-08,0.7317100000000001,0.6771199999999999
2016-05-09,0.7366,0.67667
2016-05-10,0.7376,0.6822199999999999
2016-05-11,0.7326,0.68252
2016-05-12,0.72751,0.67756
2016-05-14,0.7256199999999999,0.67718
2016-05-15,0.72896,0.6792199999999999
2016-05-16,0.73261,0.6814
2016-05-17,0.7232,0.6741699999999999
2016-05-18,0.7228,0.67485
2016-05-19,0.7228100000000001,0.6776
2016-05-21,0.7229800000000001,0.6773
2016-05-22,0.72247,0.67647
2016-05-23,0.71841,0.67397
2016-05-24,0.7199,0.67453
2016-05-25,0.7227,0.67423
2016-05-26,0.71875,0.66987
2016-05-28,0.7177899999999999,0.6693
2016-05-29,0.71837,0.66965
2016-05-30,0.72344,0.67652
2016-05-31,0.72612,0.68203
2016-06-01,0.7229899999999999,0.68119
2016-06-02,0.7371,0.69571
2016-06-04,0.7376,0.6955
2016-06-05,0.7368600000000001,0.69262
2016-06-06,0.74612,0.69806
2016-06-07,0.74722,0.70215
2016-06-08,0.7432,0.7107399999999999
2016-06-09,0.73841,0.70602
2016-06-11,0.7379399999999999,0.70553
2016-06-12,0.7388600000000001,0.70618
2016-06-13,0.7359,0.6994199999999999
2016-06-14,0.7409100000000001,0.7035
2016-06-15,0.73641,0.7046100000000001
2016-06-16,0.74031,0.70576
2016-06-18,0.7440399999999999,0.70782
2016-06-19,0.7460100000000001,0.71214
2016-06-20,0.74519,0.71236
2016-06-21,0.75012,0.71658
2016-06-22,0.7621,0.7257899999999999
2016-06-23,0.7490100000000001,0.71501
2016-06-25,0.74236,0.70738
2016-06-26,0.73331,0.6996399999999999
2016-06-27,0.73875,0.7048800000000001
2016-06-28,0.74526,0.71131
2016-06-29,0.74529,0.7137600000000001
2016-06-30,0.75051,0.7175
2016-07-02,0.74512,0.71697
2016-07-03,0.75402,0.72307
2016-07-04,0.74633,0.71545
2016-07-05,0.75229,0.71331
2016-07-06,0.74815,0.72343
2016-07-07,0.75741,0.7309100000000001
2016-07-09,0.75692,0.7306199999999999
2016-07-10,0.7532,0.72211
2016-07-11,0.76237,0.73027
2016-07-12,0.7609,0.7277100000000001
2016-07-13,0.7633,0.7199800000000001
2016-07-14,0.75875,0.71211
2016-07-16,0.76061,0.71433
2016-07-17,0.75927,0.71167
2016-07-18,0.75055,0.70533
2016-07-19,0.74822,0.70322
2016-07-20,0.7496,0.69972
2016-07-21,0.74661,0.70029
2016-07-23,0.74652,0.69994
2016-07-24,0.7471,0.6996899999999999
2016-07-25,0.75043,0.7056899999999999
2016-07-26,0.74925,0.70781
2016-07-27,0.75078,0.70791
2016-07-28,0.76061,0.72126
2016-07-30,0.75921,0.72121
2016-07-31,0.75408,0.71733
2016-08-01,0.76142,0.72444
2016-08-02,0.75893,0.7159800000000001
2016-08-03,0.7629100000000001,0.71751
2016-08-04,0.76281,0.71392
2016-08-06,0.76235,0.71458
2016-08-07,0.7651100000000001,0.71412
2016-08-08,0.7674,0.71677
2016-08-09,0.77094,0.71912
2016-08-10,0.77,0.7212
2016-08-11,0.76546,0.72054
2016-08-13,0.76649,0.7195199999999999
2016-08-14,0.76751,0.7219300000000001
2016-08-15,0.76962,0.72841
2016-08-16,0.76576,0.72548
2016-08-17,0.76879,0.72949
2016-08-18,0.76281,0.72765
2016-08-20,0.76049,0.7255199999999999
2016-08-21,0.7628699999999999,0.72697
2016-08-22,0.76166,0.7296
2016-08-23,0.76143,0.73152
2016-08-24,0.76189,0.73098
2016-08-25,0.7570100000000001,0.72451
2016-08-27,0.7565,0.7238100000000001
2016-08-28,0.7572300000000001,0.72544
2016-08-29,0.75126,0.72216
2016-08-30,0.75198,0.72514
2016-08-31,0.7552,0.7287100000000001
2016-09-01,0.75751,0.72996
2016-09-03,0.75695,0.7279899999999999
2016-09-04,0.75838,0.7306600000000001
2016-09-05,0.76879,0.74192
2016-09-06,0.76735,0.74512
2016-09-07,0.76463,0.7399899999999999
2016-09-08,0.75431,0.73301
2016-09-10,0.7541100000000001,0.73221
2016-09-11,0.75664,0.73539
2016-09-12,0.7470600000000001,0.72551
2016-09-13,0.74732,0.72864
2016-09-14,0.75158,0.73174
2016-09-15,0.74951,0.72724
2016-09-17,0.74849,0.72651
2016-09-18,0.75343,0.72954
2016-09-19,0.75575,0.73164
2016-09-20,0.76259,0.7351
2016-09-21,0.7646,0.73141
2016-09-22,0.7632899999999999,0.7247100000000001
2016-09-24,0.76236,0.72511
2016-09-25,0.76378,0.72741
2016-09-26,0.76669,0.7302
2016-09-27,0.76928,0.72844
2016-09-28,0.76364,0.72549
2016-09-29,0.76631,0.7289100000000001
2016-10-01,0.76635,0.7284
2016-10-02,0.7684,0.7276600000000001
2016-10-03,0.76194,0.72118
2016-10-04,0.76225,0.71759
2016-10-05,0.75855,0.71662
2016-10-06,0.75894,0.71741
2016-10-08,0.76089,0.71824
2016-10-09,0.76074,0.7137
2016-10-10,0.7540899999999999,0.7058399999999999
2016-10-11,0.75632,0.70639
2016-10-12,0.75689,0.7096600000000001
2016-10-13,0.76198,0.7088399999999999
2016-10-15,0.7625,0.70933
2016-10-16,0.7629199999999999,0.71345
2016-10-17,0.76668,0.7191
2016-10-18,0.7723,0.7233
2016-10-19,0.7629100000000001,0.7196600000000001
2016-10-20,0.76065,0.71685
2016-10-22,0.76151,0.71705
2016-10-23,0.76117,0.7138800000000001
2016-10-24,0.76475,0.71637
2016-10-25,0.7652,0.71541
2016-10-26,0.75894,0.71216
2016-10-27,0.76067,0.71668
2016-10-29,0.7589899999999999,0.71555
2016-10-30,0.76097,0.71514
2016-10-31,0.7652800000000001,0.71848
2016-11-01,0.7660600000000001,0.7289
2016-11-02,0.7683800000000001,0.73419
2016-11-03,0.76773,0.73321
2016-11-05,0.7682899999999999,0.7347899999999999
2016-11-06,0.77283,0.73443
2016-11-07,0.7763399999999999,0.7386699999999999
2016-11-08,0.76381,0.7279899999999999
2016-11-09,0.7612399999999999,0.72134
2016-11-10,0.7549899999999999,0.71192
2016-11-12,0.75489,0.71414
2016-11-13,0.75563,0.7117899999999999
2016-11-14,0.7559899999999999,0.71027
2016-11-15,0.74836,0.70707
2016-11-16,0.7409600000000001,0.7026100000000001
2016-11-17,0.73431,0.7014100000000001
2016-11-19,0.73317,0.6993199999999999
2016-11-20,0.7371,0.7066100000000001
2016-11-21,0.7403,0.70625
2016-11-22,0.7387100000000001,0.70123
2016-11-23,0.74107,0.70012
2016-11-24,0.74448,0.70431
2016-11-26,0.7447,0.7047800000000001
2016-11-27,0.74835,0.70739
2016-11-28,0.74843,0.71262
2016-11-29,0.73863,0.7083699999999999
2016-11-30,0.74152,0.70899
2016-12-01,0.74647,0.71426
2016-12-03,0.7455,0.71422
2016-12-04,0.74717,0.7141
2016-12-05,0.74617,0.71204
2016-12-06,0.74824,0.71655
2016-12-07,0.7464,0.71748
2016-12-08,0.74521,0.7138100000000001
2016-12-10,0.745,0.71302
2016-12-11,0.74995,0.71977
2016-12-12,0.75015,0.72046
2016-12-13,0.74075,0.71177
2016-12-14,0.7359899999999999,0.70392
2016-12-15,0.73058,0.69625
2016-12-17,0.7285,0.6968300000000001
2016-12-18,0.72475,0.69296
2016-12-19,0.726,0.6917
2016-12-20,0.72387,0.69002
2016-12-21,0.72173,0.69035
2016-12-22,0.71805,0.68889
2016-12-26,0.7188100000000001,0.68913
2016-12-27,0.71801,0.69208
2016-12-28,0.72233,0.6968300000000001
2016-12-29,0.72118,0.6935100000000001
2017-01-02,0.72219,0.69177
2017-01-03,0.72847,0.6967899999999999
2017-01-04,0.73426,0.70265
2017-01-05,0.7305699999999999,0.69643
2017-01-07,0.7299,0.6967
2017-01-08,0.73561,0.7016399999999999
2017-01-09,0.7371,0.69899
2017-01-10,0.74421,0.7055
2017-01-11,0.74846,0.7097
2017-01-12,0.75041,0.7137100000000001
2017-01-14,0.7483,0.7106399999999999
2017-01-15,0.7478600000000001,0.71037
2017-01-16,0.75676,0.7215199999999999
2017-01-17,0.7506,0.71249
2017-01-18,0.75635,0.7189800000000001
2017-01-19,0.75626,0.7174699999999999
2017-01-21,0.7555,0.7169
2017-01-22,0.75853,0.72342
2017-01-23,0.75851,0.72478
2017-01-24,0.7573300000000001,0.72988
2017-01-25,0.75364,0.72475
2017-01-26,0.75513,0.72634
2017-01-28,0.7565,0.7277100000000001
2017-01-29,0.75562,0.72855
2017-01-30,0.75879,0.73126
2017-01-31,0.75889,0.72809
2017-02-01,0.7660100000000001,0.72909
2017-02-02,0.76889,0.73222
2017-02-04,0.768,0.7309
2017-02-05,0.7661,0.73231
2017-02-06,0.76281,0.73023
2017-02-07,0.76458,0.7266600000000001
2017-02-08,0.76272,0.7187600000000001
2017-02-09,0.76832,0.72065
2017-02-11,0.7683,0.7206199999999999
2017-02-12,0.76408,0.71768
2017-02-13,0.7670100000000001,0.71691
2017-02-14,0.7711100000000001,0.72237
2017-02-15,0.76983,0.72158
2017-02-16,0.76727,0.71849
2017-02-18,0.768,0.72014
2017-02-19,0.7689600000000001,0.7189800000000001
2017-02-20,0.76758,0.71625
2017-02-21,0.77047,0.71912
2017-02-22,0.77174,0.72306
2017-02-23,0.76732,0.7199300000000001
2017-02-25,0.76851,0.72038
2017-02-26,0.76762,0.71908
2017-02-27,0.76586,0.71928
2017-02-28,0.76765,0.7146100000000001
2017-03-01,0.7572,0.70626
2017-03-02,0.7597,0.7046
2017-03-04,0.7590399999999999,0.70297
2017-03-05,0.7582300000000001,0.69938
2017-03-06,0.75876,0.6955100000000001
2017-03-07,0.75284,0.6915
2017-03-08,0.75053,0.68993
2017-03-09,0.75474,0.6923600000000001
2017-03-11,0.75552,0.69418
2017-03-12,0.7573300000000001,0.69242
2017-03-13,0.75593,0.6919
2017-03-14,0.77113,0.7046100000000001
2017-03-15,0.76789,0.6986600000000001
2017-03-16,0.77079,0.70223
2017-03-18,0.76963,0.70198
2017-03-19,0.7729699999999999,0.70539
2017-03-20,0.76928,0.70421
2017-03-21,0.76779,0.70449
2017-03-22,0.76278,0.703
2017-03-23,0.76259,0.70292
2017-03-25,0.7640399999999999,0.70352
2017-03-26,0.76164,0.70422
2017-03-27,0.76358,0.7015600000000001
2017-03-28,0.7669699999999999,0.70326
2017-03-29,0.7644,0.6995899999999999
2017-03-30,0.7632,0.70121
2017-04-01,0.764,
2017-04-02,0.76047,0.70148
2017-04-03,0.75644,0.69739
2017-04-04,0.7568699999999999,0.6963199999999999
2017-04-05,0.75461,0.69709
2017-04-06,0.75065,0.69398
2017-04-08,0.7495,0.69399
2017-04-09,0.75036,0.69617
2017-04-10,0.7500399999999999,0.6958
2017-04-11,0.75244,0.6969
2017-04-12,0.757,0.70019
2017-04-13,0.75862,0.70153
2017-04-15,0.75834,
2017-04-16,0.7592,0.70116
2017-04-17,0.75607,0.70407
2017-04-18,0.7498,0.70045
2017-04-19,0.75284,0.70123
2017-04-20,0.75449,0.70331
2017-04-22,0.75959,0.70548
2017-04-23,0.75708,0.70173
2017-04-24,0.75365,0.69505
2017-04-25,0.74741,0.68923
2017-04-26,0.74683,0.68772
2017-04-27,0.7489899999999999,0.68692
2017-04-29,0.74769,0.68739
2017-04-30,0.75269,0.69103
2017-05-01,0.75367,0.69365
2017-05-02,0.74253,0.68784
2017-05-03,0.741,0.68698
2017-05-04,0.74228,0.69291
2017-05-06,0.74163,0.69103
2017-05-07,0.7387699999999999,0.69083
2017-05-08,0.73455,0.6895100000000001
2017-05-09,0.7367199999999999,0.69304
2017-05-10,0.73816,0.68496
2017-05-11,0.73898,0.68596
2017-05-13,0.7399,0.68629
2017-05-14,0.74145,0.68809
2017-05-15,0.7429899999999999,0.6883600000000001
2017-05-16,0.74335,0.69405
2017-05-17,0.742,0.68994
2017-05-18,0.7458600000000001,0.6929
2017-05-20,0.74546,0.69299
2017-05-21,0.74779,0.69976
2017-05-22,0.7477199999999999,0.70101
2017-05-23,0.75068,0.70505
2017-05-24,0.74546,0.70229
2017-05-25,0.7447600000000001,0.70657
2017-05-27,0.7447,
2017-05-28,0.74434,0.7056399999999999
2017-05-29,0.74667,0.7096600000000001
2017-05-30,0.74325,0.7083
2017-05-31,0.73761,0.70624
2017-06-01,0.74446,0.7146600000000001
2017-06-03,0.74259,0.71365
2017-06-04,0.74869,0.7137899999999999
2017-06-05,0.75093,0.7185
2017-06-06,0.75508,0.71977
2017-06-07,0.7548199999999999,0.72144
2017-06-08,0.7531899999999999,0.72144
2017-06-10,0.75357,0.72149
2017-06-11,0.7542300000000001,0.71995
2017-06-12,0.7538199999999999,0.72208
2017-06-13,0.75908,0.72709
2017-06-14,0.75808,0.72095
2017-06-15,0.76195,0.72515
2017-06-17,0.76232,0.72559
2017-06-18,0.7598699999999999,0.72296
2017-06-19,0.75808,0.7241
2017-06-20,0.75559,0.72211
2017-06-21,0.7542399999999999,0.72656
2017-06-22,0.7569899999999999,0.72836
2017-06-24,0.7570100000000001,0.72854
2017-06-25,0.75858,0.72888
2017-06-26,0.75838,0.727
2017-06-27,0.7640600000000001,0.73048
2017-06-28,0.7684,0.72985
2017-06-29,0.7690100000000001,0.73364
2017-07-01,0.76875,0.73301
2017-07-02,0.76627,0.72956
2017-07-03,0.7610600000000001,0.7286100000000001
2017-07-04,0.76041,0.7290000000000001
2017-07-05,0.75851,0.72759
2017-07-06,0.76057,0.72807
2017-07-08,0.76049,0.7287899999999999
2017-07-09,0.76074,0.72755
2017-07-10,0.76388,0.7226199999999999
2017-07-11,0.7680899999999999,0.7259800000000001
2017-07-12,0.77305,0.7322
2017-07-13,0.78303,0.73498
2017-07-15,0.78285,0.7347899999999999
2017-07-16,0.77989,0.73192
2017-07-17,0.79185,0.73502
2017-07-18,0.7955300000000001,0.73564
2017-07-19,0.7958,0.74003
2017-07-20,0.7914399999999999,0.74565
2017-07-22,0.79075,
2017-07-23,0.79245,0.74375
2017-07-24,0.79382,0.74179
2017-07-25,0.80066,0.75231
2017-07-26,0.79692,0.74864
2017-07-27,0.79876,0.75249
2017-07-30,0.80024,0.75154
2017-07-31,0.7969,0.74688
2017-08-01,0.79677,0.74305
2017-08-02,0.79477,0.74348
2017-08-03,0.79306,0.74169
2017-08-05,0.7922,0.7407199999999999
2017-08-06,0.79146,0.73634
2017-08-07,0.79132,0.7329
2017-08-08,0.78909,0.73425
2017-08-09,0.7875300000000001,0.72773
2017-08-10,0.78943,0.7325
2017-08-12,0.78968,0.73147
2017-08-13,0.78528,0.72856
2017-08-14,0.78223,0.72359
2017-08-15,0.79284,0.73125
2017-08-16,0.7885800000000001,0.72831
2017-08-17,0.79287,0.73135
2017-08-19,0.79375,0.73174
2017-08-20,0.7941699999999999,0.73273
2017-08-21,0.79099,0.7279100000000001
2017-08-22,0.7903600000000001,0.72235
2017-08-23,0.79071,0.72082
2017-08-24,0.79375,0.72412
2017-08-26,0.79284,0.7246600000000001
2017-08-27,0.79633,0.7256600000000001
2017-08-28,0.79571,0.72512
2017-08-29,0.79102,0.72035
2017-08-30,0.79476,0.71783
2017-08-31,0.7971600000000001,0.71559
2017-09-02,0.79489,0.7154
2017-09-03,0.79465,0.71618
2017-09-04,0.79965,0.72359
2017-09-05,0.80027,0.7199800000000001
2017-09-06,0.80478,0.72332
2017-09-07,0.80553,0.72629
2017-09-09,0.8056800000000001,0.7266199999999999
2017-09-10,0.80288,0.72529
2017-09-11,0.80225,0.7289100000000001
2017-09-12,0.79861,0.72444
2017-09-13,0.80057,0.72227
2017-09-14,0.80038,0.72906
2017-09-16,0.8,0.7284
2017-09-17,0.79624,0.72658
2017-09-18,0.80128,0.7318100000000001
2017-09-19,0.8032,0.7356600000000001
2017-09-20,0.79367,0.73082
2017-09-21,0.79645,0.73437
2017-09-23,0.7953100000000001,0.73052
2017-09-24,0.7938,0.72658
2017-09-25,0.7890199999999999,0.7209
2017-09-26,0.78509,0.72009
2017-09-27,0.78601,0.7236899999999999
2017-09-28,0.7834399999999999,0.7209
2017-09-30,0.7835,0.72148
2017-10-01,0.78291,0.7196600000000001
2017-10-02,0.78363,0.71599
2017-10-03,0.787,0.7169300000000001
2017-10-04,0.77969,0.7119
2017-10-05,0.77803,0.70926
2017-10-07,0.77717,0.7064199999999999
2017-10-08,0.77558,0.7065899999999999
2017-10-09,0.7779,0.70702
2017-10-10,0.77898,0.70845
2017-10-11,0.78223,0.71302
2017-10-12,0.7892899999999999,0.71795
2017-10-14,0.78855,0.7177899999999999
2017-10-15,0.7851100000000001,0.71702
2017-10-16,0.78468,0.71714
2017-10-17,0.78468,0.71548
2017-10-18,0.7882,0.70322
2017-10-19,0.78195,0.69653
2017-10-21,0.78213,0.69521
2017-10-22,0.7807,0.69677
2017-10-23,0.77768,0.69092
2017-10-24,0.77037,0.68882
2017-10-25,0.76625,0.6844399999999999
2017-10-26,0.7680100000000001,0.68747
2017-10-28,0.76781,0.68825
2017-10-29,0.7689,0.68767
2017-10-30,0.76571,0.6847300000000001
2017-10-31,0.7676,0.6887
2017-11-01,0.7713899999999999,0.6913699999999999
2017-11-02,0.76531,0.69123
2017-11-04,0.76508,0.6912699999999999
2017-11-05,0.76918,0.69455
2017-11-06,0.76463,0.69025
2017-11-07,0.7680600000000001,0.6967
2017-11-08,0.7682100000000001,0.6947800000000001
2017-11-09,0.7663300000000001,0.69366
2017-11-11,0.76561,0.69289
2017-11-12,0.76241,0.6903699999999999
2017-11-13,0.76334,0.68767
2017-11-14,0.7589100000000001,0.68766
2017-11-15,0.75885,0.68511
2017-11-16,0.7567,0.6814
2017-11-18,0.7569100000000001,0.6807
2017-11-19,0.7550399999999999,0.68101
2017-11-20,0.7579,0.6833100000000001
2017-11-21,0.76193,0.68839
2017-11-22,0.76272,0.68913
2017-11-23,0.76163,0.6886
2017-11-25,0.76188,0.68794
2017-11-26,0.7602800000000001,0.6913
2017-11-27,0.75966,0.69021
2017-11-28,0.7574,0.68816
2017-11-29,0.75688,0.68328
2017-11-30,0.76156,0.68952
2017-12-02,0.75971,0.68634
2017-12-03,0.7599199999999999,0.68605
2017-12-04,0.76077,0.68763
2017-12-05,0.7565,0.68829
2017-12-06,0.7512,0.6831699999999999
2017-12-07,0.75115,0.6836899999999999
2017-12-09,0.7512800000000001,0.6844899999999999
2017-12-10,0.7527699999999999,0.69121
2017-12-11,0.75603,0.69348
2017-12-12,0.76372,0.7024600000000001
2017-12-13,0.76682,0.69838
2017-12-14,0.76465,0.6998300000000001
2017-12-16,0.76463,0.70004
2017-12-17,0.7666,0.69955
2017-12-18,0.7663300000000001,0.69735
2017-12-19,0.76681,0.7013199999999999
2017-12-20,0.77049,0.70185
2017-12-21,0.77165,0.70226
2017-12-25,0.7729,0.70402
2017-12-26,0.77683,0.70619
2017-12-27,0.77982,0.70914
2017-12-28,0.78092,0.70975
2017-12-31,0.78067,0.71057
2018-01-01,0.7833,0.7106600000000001
2018-01-02,0.78369,0.70922
2018-01-03,0.78661,0.7155100000000001
2018-01-04,0.78666,0.71691
2018-01-06,0.78675,0.71646
2018-01-07,0.78427,0.71763
2018-01-08,0.7824399999999999,0.71623
2018-01-09,0.7843899999999999,0.71986
2018-01-10,0.7892,0.72622
2018-01-11,0.79193,0.7257899999999999
2018-01-13,0.79065,0.7239399999999999
2018-01-14,0.79675,0.73012
2018-01-15,0.79637,0.7268600000000001
2018-01-16,0.7971199999999999,0.72739
2018-01-17,0.80037,0.7302
2018-01-18,0.79896,0.7276100000000001
2018-01-20,0.8004100000000001,0.72864
2018-01-21,0.80189,0.73292
2018-01-22,0.80024,0.73555
2018-01-23,0.80629,0.7337199999999999
2018-01-24,0.80281,0.73263
2018-01-25,0.81142,0.73598
2018-01-27,0.8105100000000001,0.73447
2018-01-28,0.8097,0.73226
2018-01-29,0.80837,0.73318
2018-01-30,0.80569,0.73655
2018-01-31,0.80412,0.73979
2018-02-01,0.7926,0.73044
2018-02-03,0.7913100000000001,0.72907
2018-02-04,0.78813,0.72668
2018-02-05,0.79077,0.73423
2018-02-06,0.7823899999999999,0.7238899999999999
2018-02-07,0.7781100000000001,0.7218600000000001
2018-02-08,0.7814,0.72556
2018-02-10,0.78161,0.72463
2018-02-11,0.7863399999999999,0.72635
2018-02-12,0.7860199999999999,0.7275
2018-02-13,0.79272,0.73668
2018-02-14,0.7947,0.74085
2018-02-15,0.7913100000000001,0.73925
2018-02-17,0.79102,0.738
2018-02-18,0.79151,0.73726
2018-02-19,0.7885,0.73488
2018-02-20,0.7805,0.7320300000000001
2018-02-21,0.78459,0.73421
2018-02-22,0.7842399999999999,0.72959
2018-02-24,0.78482,0.7296
2018-02-25,0.78575,0.73047
2018-02-26,0.77895,0.72363
2018-02-27,0.77622,0.72113
2018-02-28,0.77565,0.72521
2018-03-01,0.77662,0.72456
2018-03-03,0.7763100000000001,0.7238600000000001
2018-03-04,0.77654,0.7227600000000001
2018-03-05,0.78298,0.72922
2018-03-06,0.78277,0.7287399999999999
2018-03-07,0.779,0.72659
2018-03-08,0.7851600000000001,0.72846
2018-03-10,0.7850199999999999,0.7296699999999999
2018-03-11,0.7872899999999999,0.72968
2018-03-12,0.7861100000000001,0.73258
2018-03-13,0.78773,0.73321
2018-03-14,0.7799,0.72806
2018-03-15,0.7714,0.7217899999999999
2018-03-17,0.7720100000000001,0.7221
2018-03-18,0.77188,0.72444
2018-03-19,0.7683399999999999,0.71846
2018-03-20,0.77658,0.72287
2018-03-21,0.76936,0.72072
2018-03-22,0.7701100000000001,0.72388
2018-03-24,0.77044,0.72364
2018-03-25,0.77491,0.73
2018-03-26,0.76802,0.72715
2018-03-27,0.76642,0.72129
2018-03-28,0.76786,0.72387
2018-03-29,0.76817,0.7246199999999999
2018-03-31,0.76948,
2018-04-01,0.76653,0.72144
2018-04-02,0.76868,0.72572
2018-04-03,0.77177,0.73075
2018-04-04,0.76862,0.72764
2018-04-05,0.76773,0.72729
2018-04-07,0.76826,0.72785
2018-04-08,0.76995,0.73064
2018-04-09,0.77633,0.73645
2018-04-10,0.7754800000000001,0.7361300000000001
2018-04-11,0.77566,0.73773
2018-04-12,0.77658,0.73533
2018-04-14,0.7771100000000001,0.73587
2018-04-15,0.77827,0.73633
2018-04-16,0.77673,0.73429
2018-04-17,0.77856,0.7322
2018-04-18,0.77327,0.72721
2018-04-19,0.76725,0.7208899999999999
2018-04-21,0.7671899999999999,0.722
2018-04-22,0.76055,0.7148899999999999
2018-04-23,0.7605,0.71204
2018-04-24,0.75649,0.7070000000000001
2018-04-25,0.75563,0.70627
2018-04-26,0.75822,0.70862
2018-04-28,0.7578699999999999,0.7084699999999999
2018-04-29,0.75315,0.70363
2018-04-30,0.74916,0.7005399999999999
2018-05-01,0.74952,0.69957
2018-05-02,0.75329,0.70419
2018-05-03,0.7540100000000001,0.70217
2018-05-05,0.75435,0.7024199999999999
2018-05-06,0.75203,0.7018300000000001
2018-05-07,0.74553,0.6973199999999999
2018-05-08,0.74597,0.6985600000000001
2018-05-09,0.75344,0.69624
2018-05-10,0.75447,0.6967
2018-05-12,0.75467,
2018-05-13,0.75271,0.6913600000000001
2018-05-14,0.74752,0.6862199999999999
2018-05-15,0.7516,0.6897300000000001
2018-05-16,0.75141,0.68785
2018-05-17,0.75126,0.69199
2018-05-19,0.75247,0.6923699999999999
2018-05-20,0.75817,0.69465
2018-05-21,0.75766,0.69335
2018-05-22,0.7560600000000001,0.6917399999999999
2018-05-23,0.7576,0.69289
2018-05-24,0.7549899999999999,0.69176
2018-05-26,0.7561,0.6925
2018-05-27,0.75462,0.69431
2018-05-28,0.75056,0.6903199999999999
2018-05-29,0.75794,0.6987899999999999
2018-05-30,0.7568199999999999,0.7003199999999999
2018-05-31,0.7570600000000001,0.69872
2018-06-02,0.75639,0.6982
2018-06-03,0.7652100000000001,0.70336
2018-06-04,0.76164,0.70238
2018-06-05,0.76679,0.7033699999999999
2018-06-06,0.7629600000000001,0.7029
2018-06-07,0.76005,0.70343
2018-06-09,0.75945,0.7027800000000001
2018-06-10,0.76126,0.7028800000000001
2018-06-11,0.75738,0.70076
2018-06-12,0.75798,0.7025399999999999
2018-06-13,0.74784,0.69767
2018-06-14,0.74444,0.69434
2018-06-16,0.7446,0.69389
2018-06-17,0.74248,0.69392
2018-06-18,0.73849,0.6904899999999999
2018-06-19,0.7368100000000001,0.6865899999999999
2018-06-20,0.7377600000000001,0.68698
2018-06-21,0.74419,0.69116
2018-06-23,0.74431,0.69166
2018-06-24,0.74144,0.69018
2018-06-25,0.7396199999999999,0.6854899999999999
2018-06-26,0.7341300000000001,0.67969
2018-06-27,0.73525,0.67595
2018-06-28,0.74078,0.67779
2018-06-30,0.7415,0.6795
2018-07-01,0.7339899999999999,0.6715800000000001
2018-07-02,0.7386,0.67557
2018-07-03,0.73849,0.67618
2018-07-04,0.73874,0.67893
2018-07-05,0.7430100000000001,0.68399
2018-07-07,0.7436,0.68418
2018-07-08,0.74668,0.68395
2018-07-09,0.74617,0.68383
2018-07-10,0.7367100000000001,0.67598
2018-07-11,0.7409399999999999,0.67808
2018-07-12,0.74246,0.67682
2018-07-14,0.74235,0.6765
2018-07-15,0.74225,0.67778
2018-07-16,0.73893,0.67838
2018-07-17,0.7398100000000001,0.67937
2018-07-18,0.7357,0.6743899999999999
2018-07-19,0.7418899999999999,0.6811699999999999
2018-07-21,0.7429,0.6799
2018-07-22,0.73826,0.67861
2018-07-23,0.74202,0.6802699999999999
2018-07-24,0.74562,0.6836800000000001
2018-07-25,0.73773,0.6784100000000001
2018-07-26,0.74023,0.6794899999999999
2018-07-28,0.7402,0.6798
2018-07-29,0.74079,0.6823600000000001
2018-07-30,0.743,0.68199
2018-07-31,0.74043,0.67915
2018-08-01,0.73607,0.67447
2018-08-02,0.7400399999999999,0.67457
2018-08-04,0.74,0.6752100000000001
2018-08-05,0.7387199999999999,0.6732899999999999
2018-08-06,0.74211,0.67388
2018-08-07,0.74339,0.67491
2018-08-08,0.73736,0.66141
2018-08-09,0.73049,0.6584899999999999
2018-08-11,0.72815,0.65777
2018-08-12,0.72725,0.65805
2018-08-13,0.72401,0.65747
2018-08-14,0.72402,0.65675
2018-08-15,0.72612,0.65868
2018-08-16,0.73154,0.66365
2018-08-18,0.73174,0.66422
2018-08-19,0.7339,0.6644399999999999
2018-08-20,0.73695,0.6695
2018-08-21,0.73502,0.66991
2018-08-22,0.72497,0.6639
2018-08-23,0.73301,0.6693100000000001
2018-08-25,0.73317,0.66867
2018-08-26,0.73519,0.66957
2018-08-27,0.73385,0.6714600000000001
2018-08-28,0.73111,0.67173
2018-08-29,0.72665,0.66574
2018-08-30,0.7194,0.66223
2018-09-01,0.7187899999999999,0.66198
2018-09-02,0.72137,0.6600600000000001
2018-09-03,0.71775,0.65583
2018-09-04,0.71939,0.65947
2018-09-05,0.7198899999999999,0.6592600000000001
2018-09-06,0.71087,0.6533800000000001
2018-09-08,0.71063,0.65345
2018-09-09,0.7116,0.65257
2018-09-10,0.7122,0.65258
2018-09-11,0.71713,0.6561
2018-09-12,0.7195600000000001,0.6574
2018-09-13,0.7155199999999999,0.65474
2018-09-15,0.7159,0.6558
2018-09-16,0.71792,0.65825
2018-09-17,0.72204,0.65878
2018-09-18,0.72637,0.66162
2018-09-19,0.7293,0.66862
2018-09-20,0.72896,0.6682899999999999
2018-09-22,0.7265199999999999,0.6670699999999999
2018-09-23,0.72525,0.66461
2018-09-24,0.7249899999999999,0.66485
2018-09-25,0.7258,0.6663100000000001
2018-09-26,0.72077,0.66169
2018-09-27,0.72263,0.662
2018-09-29,0.723,0.66298
2018-09-30,0.72239,0.6619
2018-10-01,0.71904,0.6594300000000001
2018-10-02,0.71043,0.65144
2018-10-03,0.70799,0.64788
2018-10-04,0.70512,0.6438699999999999
2018-10-06,0.7059,0.64442
2018-10-07,0.7078,0.6461
2018-10-08,0.71029,0.64725
2018-10-09,0.70581,0.6450600000000001
2018-10-10,0.71236,0.6529699999999999
2018-10-11,0.71155,0.6510600000000001
2018-10-13,0.7114,0.6505
2018-10-14,0.71309,0.65522
2018-10-15,0.71414,0.65861
2018-10-16,0.71092,0.65509
2018-10-17,0.7099300000000001,0.65433
2018-10-18,0.7123,0.65957
2018-10-20,0.7118,0.6612
2018-10-21,0.70822,0.65579
2018-10-22,0.7086100000000001,0.65528
2018-10-23,0.70611,0.65278
2018-10-24,0.70799,0.65232
2018-10-25,0.70914,0.6523399999999999
2018-10-27,0.7099,0.6529
2018-10-28,0.7056399999999999,0.6521899999999999
2018-10-29,0.71057,0.65542
2018-10-30,0.70728,0.6518
2018-10-31,0.72068,0.66557
2018-11-01,0.72004,0.66484
2018-11-03,0.7194,0.664
2018-11-04,0.72117,0.66684
2018-11-05,0.72487,0.67394
2018-11-06,0.7278100000000001,0.67881
2018-11-07,0.72577,0.6754899999999999
2018-11-08,0.7231,0.67404
2018-11-10,0.7222,0.6731
2018-11-11,0.71754,0.6711199999999999
2018-11-12,0.7218899999999999,0.67638
2018-11-13,0.7235699999999999,0.67992
2018-11-14,0.72783,0.68313
2018-11-15,0.73335,0.68809
2018-11-17,0.731,0.6868
2018-11-18,0.72959,0.68391
2018-11-19,0.72145,0.67938
2018-11-20,0.72639,0.6835399999999999
2018-11-21,0.72546,0.68148
2018-11-22,0.72368,0.67852
2018-11-24,0.72335,0.6762
2018-11-25,0.72209,0.6771199999999999
2018-11-26,0.72259,0.6792600000000001
2018-11-27,0.73059,0.68715
2018-11-28,0.732,0.68602
2018-11-29,0.73149,0.68833
2018-12-01,0.73805,0.69206
2018-12-02,0.73578,0.69281
2018-12-03,0.73393,0.69297
2018-12-04,0.7269899999999999,0.68996
2018-12-05,0.72372,0.68786
2018-12-06,0.72032,0.68611
2018-12-08,0.71873,0.6874399999999999
2018-12-09,0.71901,0.68716
2018-12-10,0.7207600000000001,0.68757
2018-12-11,0.7219899999999999,0.68591
2018-12-12,0.72275,0.68595
2018-12-13,0.71772,0.67971
2018-12-15,0.7178,0.68
2018-12-16,0.718,0.68089
2018-12-17,0.71809,0.68481
2018-12-18,0.7108899999999999,0.6769
2018-12-19,0.71121,0.6776399999999999
2018-12-20,0.7034600000000001,0.6710699999999999
2018-12-22,0.7042,0.6729
2018-12-23,0.7056,0.67267
2018-12-25,0.7069300000000001,0.6733600000000001
2018-12-26,0.7033,0.67043
2018-12-27,0.70404,0.67095
2018-12-29,0.7045,0.67148
2018-12-30,0.70429,0.6705899999999999
