Datetime,Open,Low,High,Close,Volume,Adj Close
2019-05-01 09:30:00-04:00,0.36,0.36,0.36,0.36,0.0,0.36
2019-05-01 09:33:00-04:00,0.359,0.35,0.359,0.359,4981.0,0.359
2019-05-01 09:34:00-04:00,0.359,0.3425,0.359,0.3584,1650.0,0.3584
2019-05-01 09:35:00-04:00,0.3585,0.3585,0.359,0.359,600.0,0.359
2019-05-01 09:36:00-04:00,0.359,0.359,0.359,0.359,800.0,0.359
2019-05-01 09:38:00-04:00,0.3589,0.333,0.362,0.362,27007.0,0.362
2019-05-01 09:39:00-04:00,0.3629,0.3629,0.3629,0.3629,10010.0,0.3629
2019-05-01 09:40:00-04:00,0.3529,0.3508,0.3529,0.3508,4940.0,0.3508
2019-05-01 09:41:00-04:00,0.347,0.347,0.3529,0.3529,4000.0,0.3529
2019-05-01 09:42:00-04:00,0.339,0.339,0.339,0.339,2127.0,0.339
2019-05-01 09:47:00-04:00,0.3529,0.352,0.3529,0.352,2200.0,0.352
2019-05-01 09:51:00-04:00,0.3529,0.3529,0.3529,0.3529,101.0,0.3529
2019-05-01 09:55:00-04:00,0.358,0.358,0.358,0.358,2200.0,0.358
2019-05-01 09:56:00-04:00,0.358,0.358,0.358,0.358,100.0,0.358
2019-05-01 09:57:00-04:00,0.3576,0.3462,0.36,0.3462,3050.0,0.3462
2019-05-01 09:58:00-04:00,0.3458,0.3458,0.3458,0.3458,200.0,0.3458
2019-05-01 09:59:00-04:00,0.3531,0.3531,0.3531,0.3531,2900.0,0.3531
2019-05-01 10:00:00-04:00,0.353,0.353,0.353,0.353,106.0,0.353
2019-05-01 10:12:00-04:00,0.353,0.353,0.353,0.353,1901.0,0.353
2019-05-01 10:18:00-04:00,0.3598,0.3531,0.3599,0.3599,7934.0,0.3599
2019-05-01 10:20:00-04:00,0.36,0.36,0.36,0.36,502.0,0.36
2019-05-01 10:21:00-04:00,0.3533,0.3533,0.3533,0.3533,301.0,0.3533
2019-05-01 10:23:00-04:00,0.36,0.36,0.36,0.36,200.0,0.36
2019-05-01 10:24:00-04:00,0.36,0.3531,0.36,0.3531,1800.0,0.3531
2019-05-01 10:27:00-04:00,0.3533,0.3531,0.3582,0.3531,3836.0,0.3531
2019-05-01 10:31:00-04:00,0.3531,0.3529,0.3531,0.3529,5198.0,0.3529
2019-05-01 10:32:00-04:00,0.3529,0.3458,0.3529,0.3458,3900.0,0.3458
2019-05-01 10:33:00-04:00,0.359,0.359,0.359,0.359,227.0,0.359
2019-05-01 10:38:00-04:00,0.359,0.359,0.359,0.359,102.0,0.359
2019-05-01 10:39:00-04:00,0.3579,0.3579,0.3579,0.3579,103.0,0.3579
2019-05-01 10:41:00-04:00,0.3599,0.3599,0.3599,0.3599,201.0,0.3599
2019-05-01 10:42:00-04:00,0.3458,0.335,0.3465,0.335,10187.0,0.335
2019-05-01 10:43:00-04:00,0.335,0.335,0.335,0.335,204.0,0.335
2019-05-01 10:44:00-04:00,0.335,0.335,0.335,0.335,207.0,0.335
2019-05-01 10:45:00-04:00,0.3384,0.335,0.3384,0.335,3402.0,0.335
2019-05-01 10:46:00-04:00,0.3351,0.3351,0.3351,0.3351,3002.0,0.3351
2019-05-01 10:47:00-04:00,0.3408,0.335,0.3489,0.335,5503.0,0.335
2019-05-01 10:48:00-04:00,0.349,0.335,0.35,0.335,21398.0,0.335
2019-05-01 10:49:00-04:00,0.335,0.335,0.335,0.335,301.0,0.335
2019-05-01 10:51:00-04:00,0.35,0.3387,0.35,0.3387,2552.0,0.3387
2019-05-01 10:52:00-04:00,0.337,0.337,0.349,0.337,502.0,0.337
2019-05-01 10:54:00-04:00,0.337,0.337,0.337,0.337,101.0,0.337
2019-05-01 10:55:00-04:00,0.337,0.337,0.337,0.337,101.0,0.337
2019-05-01 10:56:00-04:00,0.35,0.35,0.35,0.35,202.0,0.35
2019-05-01 10:58:00-04:00,0.337,0.337,0.35,0.35,2202.0,0.35
2019-05-01 10:59:00-04:00,0.3435,0.3435,0.3435,0.3435,202.0,0.3435
2019-05-01 11:01:00-04:00,0.337,0.337,0.3435,0.3435,200.0,0.3435
2019-05-01 11:02:00-04:00,0.337,0.337,0.337,0.337,400.0,0.337
2019-05-01 11:03:00-04:00,0.337,0.337,0.337,0.337,100.0,0.337
2019-05-01 11:04:00-04:00,0.337,0.337,0.337,0.337,180.0,0.337
2019-05-01 11:06:00-04:00,0.337,0.337,0.337,0.337,100.0,0.337
2019-05-01 11:07:00-04:00,0.337,0.337,0.3489,0.3489,300.0,0.3489
2019-05-01 11:09:00-04:00,0.35,0.3416,0.35,0.3416,2660.0,0.3416
2019-05-01 11:10:00-04:00,0.3472,0.3377,0.3472,0.3377,300.0,0.3377
2019-05-01 11:11:00-04:00,0.337,0.337,0.337,0.337,200.0,0.337
2019-05-01 11:13:00-04:00,0.337,0.337,0.35,0.35,200.0,0.35
2019-05-01 11:15:00-04:00,0.337,0.337,0.337,0.337,100.0,0.337
2019-05-01 11:16:00-04:00,0.3378,0.337,0.3378,0.337,1317.0,0.337
2019-05-01 11:19:00-04:00,0.3477,0.3473,0.349,0.349,300.0,0.349
2019-05-01 11:21:00-04:00,0.337,0.337,0.337,0.337,105.0,0.337
2019-05-01 11:23:00-04:00,0.3499,0.3376,0.3499,0.3376,2010.0,0.3376
2019-05-01 11:25:00-04:00,0.337,0.337,0.3473,0.3473,300.0,0.3473
2019-05-01 11:26:00-04:00,0.3381,0.3381,0.3381,0.3381,100.0,0.3381
2019-05-01 11:28:00-04:00,0.3465,0.3435,0.3499,0.3499,700.0,0.3499
2019-05-01 11:29:00-04:00,0.3435,0.3435,0.3435,0.3435,100.0,0.3435
2019-05-01 11:30:00-04:00,0.3435,0.3435,0.3499,0.3469,5436.0,0.3469
2019-05-01 11:31:00-04:00,0.3468,0.3394,0.3468,0.3402,3104.0,0.3402
2019-05-01 11:32:00-04:00,0.3403,0.3403,0.3499,0.3498,2900.0,0.3498
2019-05-01 11:36:00-04:00,0.3401,0.34,0.3498,0.3498,2300.0,0.3498
2019-05-01 11:38:00-04:00,0.3498,0.34,0.3498,0.34,8000.0,0.34
2019-05-01 11:39:00-04:00,0.3499,0.3498,0.3499,0.3498,300.0,0.3498
2019-05-01 11:40:00-04:00,0.3451,0.3451,0.3451,0.3451,100.0,0.3451
2019-05-01 11:42:00-04:00,0.349,0.3475,0.35,0.3475,300.0,0.3475
2019-05-01 11:43:00-04:00,0.35,0.35,0.35,0.35,100.0,0.35
2019-05-01 11:45:00-04:00,0.35,0.35,0.35,0.35,110.0,0.35
2019-05-01 11:47:00-04:00,0.3409,0.3401,0.3499,0.3499,2400.0,0.3499
2019-05-01 11:48:00-04:00,0.348,0.348,0.348,0.348,130.0,0.348
2019-05-01 11:51:00-04:00,0.3476,0.3476,0.3476,0.3476,100.0,0.3476
2019-05-01 11:52:00-04:00,0.3476,0.3476,0.3476,0.3476,100.0,0.3476
2019-05-01 11:53:00-04:00,0.3451,0.3451,0.3451,0.3451,200.0,0.3451
2019-05-01 11:55:00-04:00,0.3476,0.3476,0.3476,0.3476,200.0,0.3476
2019-05-01 11:56:00-04:00,0.3451,0.3451,0.35,0.35,254.0,0.35
2019-05-01 11:57:00-04:00,0.3407,0.3402,0.3499,0.3499,5000.0,0.3499
2019-05-01 11:58:00-04:00,0.3476,0.3402,0.3499,0.3404,3600.0,0.3404
2019-05-01 11:59:00-04:00,0.3499,0.3451,0.3499,0.3451,1590.0,0.3451
2019-05-01 12:00:00-04:00,0.3409,0.3409,0.3496,0.3496,200.0,0.3496
2019-05-01 12:04:00-04:00,0.35,0.35,0.35,0.35,100.0,0.35
2019-05-01 12:07:00-04:00,0.35,0.35,0.35,0.35,100.0,0.35
2019-05-01 12:08:00-04:00,0.35,0.35,0.35,0.35,100.0,0.35
2019-05-01 12:10:00-04:00,0.3499,0.3499,0.3499,0.3499,200.0,0.3499
2019-05-01 12:12:00-04:00,0.3416,0.3402,0.3499,0.3495,12554.0,0.3495
2019-05-01 12:15:00-04:00,0.3451,0.3451,0.3451,0.3451,160.0,0.3451
2019-05-01 12:16:00-04:00,0.3499,0.3451,0.3499,0.3451,412.0,0.3451
2019-05-01 12:18:00-04:00,0.3402,0.3402,0.3402,0.3402,112.0,0.3402
2019-05-01 12:19:00-04:00,0.3496,0.3496,0.35,0.35,2096.0,0.35
2019-05-01 12:24:00-04:00,0.3402,0.3402,0.3431,0.3404,21595.0,0.3404
2019-05-01 12:26:00-04:00,0.3494,0.3494,0.3494,0.3494,100.0,0.3494
2019-05-01 12:30:00-04:00,0.3408,0.3402,0.3408,0.3402,1200.0,0.3402
2019-05-01 12:31:00-04:00,0.3403,0.3403,0.3403,0.3403,100.0,0.3403
2019-05-01 12:32:00-04:00,0.3403,0.3403,0.3403,0.3403,100.0,0.3403
2019-05-01 12:33:00-04:00,0.345,0.345,0.348,0.3465,1981.0,0.3465
2019-05-01 12:34:00-04:00,0.347,0.3407,0.347,0.3407,1800.0,0.3407
2019-05-01 12:35:00-04:00,0.34,0.34,0.34,0.34,104.0,0.34
2019-05-01 12:38:00-04:00,0.34,0.34,0.34,0.34,100.0,0.34
2019-05-01 12:39:00-04:00,0.3462,0.3462,0.3462,0.3462,200.0,0.3462
2019-05-01 12:41:00-04:00,0.34,0.34,0.34,0.34,100.0,0.34
2019-05-01 12:42:00-04:00,0.34,0.34,0.34,0.34,100.0,0.34
2019-05-01 12:43:00-04:00,0.3442,0.3442,0.3442,0.3442,100.0,0.3442
2019-05-01 12:44:00-04:00,0.34,0.335,0.341,0.335,2900.0,0.335
2019-05-01 12:46:00-04:00,0.3351,0.3351,0.3351,0.3351,100.0,0.3351
2019-05-01 12:47:00-04:00,0.335,0.335,0.335,0.335,182.0,0.335
2019-05-01 12:48:00-04:00,0.3351,0.3351,0.3351,0.3351,100.0,0.3351
2019-05-01 12:49:00-04:00,0.3351,0.3351,0.3351,0.3351,100.0,0.3351
2019-05-01 12:52:00-04:00,0.3428,0.3428,0.3428,0.3428,100.0,0.3428
2019-05-01 12:53:00-04:00,0.3351,0.3351,0.3351,0.3351,141.0,0.3351
2019-05-01 12:56:00-04:00,0.3389,0.335,0.3428,0.3351,2500.0,0.3351
2019-05-01 12:58:00-04:00,0.3423,0.3365,0.3423,0.3366,439.0,0.3366
2019-05-01 13:00:00-04:00,0.3366,0.3366,0.3371,0.3371,1000.0,0.3371
2019-05-01 13:01:00-04:00,0.3351,0.3351,0.3351,0.3351,2381.0,0.3351
2019-05-01 13:09:00-04:00,0.3427,0.3427,0.3427,0.3427,100.0,0.3427
2019-05-01 13:10:00-04:00,0.3397,0.3397,0.35,0.35,2176.0,0.35
2019-05-01 13:14:00-04:00,0.3486,0.3486,0.3486,0.3486,100.0,0.3486
2019-05-01 13:17:00-04:00,0.3486,0.3486,0.3486,0.3486,125.0,0.3486
2019-05-01 13:24:00-04:00,0.35,0.3451,0.35,0.35,7626.0,0.35
2019-05-01 13:25:00-04:00,0.35,0.35,0.35,0.35,100.0,0.35
2019-05-01 13:28:00-04:00,0.3403,0.3403,0.35,0.35,200.0,0.35
2019-05-01 13:31:00-04:00,0.3403,0.3403,0.3403,0.3403,100.0,0.3403
2019-05-01 13:32:00-04:00,0.35,0.35,0.35,0.35,100.0,0.35
2019-05-01 13:34:00-04:00,0.35,0.35,0.35,0.35,300.0,0.35
2019-05-01 13:35:00-04:00,0.3409,0.3409,0.3409,0.3409,100.0,0.3409
2019-05-01 13:36:00-04:00,0.35,0.35,0.35,0.35,100.0,0.35
2019-05-01 13:37:00-04:00,0.35,0.35,0.35,0.35,307.0,0.35
2019-05-01 13:38:00-04:00,0.3454,0.3454,0.3498,0.3498,200.0,0.3498
2019-05-01 13:39:00-04:00,0.35,0.35,0.35,0.35,1500.0,0.35
2019-05-01 13:40:00-04:00,0.35,0.35,0.35,0.35,300.0,0.35
2019-05-01 13:41:00-04:00,0.35,0.35,0.35,0.35,100.0,0.35
2019-05-01 13:42:00-04:00,0.35,0.35,0.35,0.35,100.0,0.35
2019-05-01 13:43:00-04:00,0.35,0.35,0.35,0.35,200.0,0.35
2019-05-01 13:44:00-04:00,0.35,0.35,0.35,0.35,100.0,0.35
2019-05-01 13:45:00-04:00,0.35,0.35,0.35,0.35,100.0,0.35
2019-05-01 13:46:00-04:00,0.3456,0.3456,0.35,0.35,300.0,0.35
2019-05-01 13:47:00-04:00,0.35,0.3456,0.35,0.35,379.0,0.35
2019-05-01 13:48:00-04:00,0.3458,0.3458,0.35,0.35,200.0,0.35
2019-05-01 13:49:00-04:00,0.35,0.35,0.35,0.35,200.0,0.35
2019-05-01 13:50:00-04:00,0.3498,0.3417,0.35,0.3417,996.0,0.3417
2019-05-01 13:51:00-04:00,0.35,0.35,0.35,0.35,100.0,0.35
2019-05-01 13:52:00-04:00,0.35,0.3494,0.35,0.3494,200.0,0.3494
2019-05-01 13:53:00-04:00,0.35,0.35,0.35,0.35,100.0,0.35
2019-05-01 13:54:00-04:00,0.35,0.35,0.35,0.35,200.0,0.35
2019-05-01 13:55:00-04:00,0.3419,0.3419,0.35,0.35,300.0,0.35
2019-05-01 13:56:00-04:00,0.346,0.346,0.35,0.35,500.0,0.35
2019-05-01 13:58:00-04:00,0.3499,0.3499,0.3499,0.3499,204.0,0.3499
2019-05-01 14:01:00-04:00,0.3499,0.3481,0.3499,0.3481,200.0,0.3481
2019-05-01 14:05:00-04:00,0.3499,0.3499,0.35,0.35,300.0,0.35
2019-05-01 14:06:00-04:00,0.3421,0.3421,0.3421,0.3421,500.0,0.3421
2019-05-01 14:07:00-04:00,0.35,0.35,0.35,0.35,305.0,0.35
2019-05-01 14:08:00-04:00,0.35,0.35,0.35,0.35,250.0,0.35
2019-05-01 14:09:00-04:00,0.3423,0.3423,0.3462,0.3462,300.0,0.3462
2019-05-01 14:13:00-04:00,0.35,0.35,0.35,0.35,100.0,0.35
2019-05-01 14:14:00-04:00,0.3427,0.3427,0.3427,0.3427,100.0,0.3427
2019-05-01 14:16:00-04:00,0.3431,0.3431,0.35,0.35,214.0,0.35
2019-05-01 14:17:00-04:00,0.3496,0.3496,0.3496,0.3496,100.0,0.3496
2019-05-01 14:19:00-04:00,0.3431,0.3431,0.3431,0.3431,100.0,0.3431
2019-05-01 14:20:00-04:00,0.3499,0.3499,0.35,0.35,300.0,0.35
2019-05-01 14:21:00-04:00,0.3437,0.3437,0.3437,0.3437,100.0,0.3437
2019-05-01 14:22:00-04:00,0.3497,0.3497,0.3497,0.3497,100.0,0.3497
2019-05-01 14:24:00-04:00,0.3495,0.3424,0.3495,0.3462,836.0,0.3462
2019-05-01 14:25:00-04:00,0.3499,0.3499,0.3499,0.3499,101.0,0.3499
2019-05-01 14:27:00-04:00,0.35,0.3433,0.35,0.35,700.0,0.35
2019-05-01 14:28:00-04:00,0.3481,0.3481,0.3481,0.3481,100.0,0.3481
2019-05-01 14:29:00-04:00,0.3462,0.3462,0.3462,0.3462,200.0,0.3462
2019-05-01 14:31:00-04:00,0.3489,0.3489,0.3489,0.3489,100.0,0.3489
2019-05-01 14:32:00-04:00,0.3435,0.3435,0.35,0.35,264.0,0.35
2019-05-01 14:34:00-04:00,0.3437,0.3437,0.3437,0.3437,100.0,0.3437
2019-05-01 14:36:00-04:00,0.3424,0.3424,0.3484,0.3484,200.0,0.3484
2019-05-01 14:39:00-04:00,0.3484,0.3484,0.35,0.35,500.0,0.35
2019-05-01 14:41:00-04:00,0.3436,0.3425,0.35,0.35,4800.0,0.35
2019-05-01 14:42:00-04:00,0.35,0.3464,0.35,0.3464,400.0,0.3464
2019-05-01 14:43:00-04:00,0.35,0.3427,0.35,0.3478,500.0,0.3478
2019-05-01 14:44:00-04:00,0.3478,0.3431,0.3492,0.3431,600.0,0.3431
2019-05-01 14:45:00-04:00,0.3472,0.3472,0.3472,0.3472,100.0,0.3472
2019-05-01 14:47:00-04:00,0.3431,0.3431,0.35,0.35,301.0,0.35
2019-05-01 14:48:00-04:00,0.349,0.349,0.349,0.349,100.0,0.349
2019-05-01 14:49:00-04:00,0.3433,0.3433,0.3433,0.3433,212.0,0.3433
2019-05-01 14:51:00-04:00,0.3467,0.3467,0.3467,0.3467,101.0,0.3467
2019-05-01 14:52:00-04:00,0.3499,0.3499,0.3499,0.3499,4000.0,0.3499
2019-05-01 14:53:00-04:00,0.3467,0.3467,0.3499,0.3467,505.0,0.3467
2019-05-01 14:54:00-04:00,0.3499,0.3499,0.3499,0.3499,200.0,0.3499
2019-05-01 14:55:00-04:00,0.3467,0.3467,0.3499,0.3499,650.0,0.3499
2019-05-01 14:57:00-04:00,0.349,0.3423,0.349,0.3423,875.0,0.3423
2019-05-01 14:58:00-04:00,0.343,0.335,0.3438,0.3385,3625.0,0.3385
2019-05-01 14:59:00-04:00,0.3438,0.3438,0.3438,0.3438,200.0,0.3438
2019-05-01 15:00:00-04:00,0.3438,0.3438,0.3438,0.3438,200.0,0.3438
2019-05-01 15:01:00-04:00,0.3385,0.3385,0.3438,0.3438,400.0,0.3438
2019-05-01 15:02:00-04:00,0.3331,0.3331,0.3438,0.3438,875.0,0.3438
2019-05-01 15:03:00-04:00,0.3438,0.3438,0.3438,0.3438,100.0,0.3438
2019-05-01 15:04:00-04:00,0.3385,0.3385,0.3434,0.3434,200.0,0.3434
2019-05-01 15:06:00-04:00,0.3331,0.3331,0.3438,0.3438,200.0,0.3438
2019-05-01 15:07:00-04:00,0.3434,0.3385,0.3434,0.3385,301.0,0.3385
2019-05-01 15:11:00-04:00,0.342,0.3335,0.342,0.3335,330.0,0.3335
2019-05-01 15:13:00-04:00,0.343,0.343,0.343,0.343,100.0,0.343
2019-05-01 15:15:00-04:00,0.3429,0.3429,0.3429,0.3429,100.0,0.3429
2019-05-01 15:16:00-04:00,0.334,0.334,0.3437,0.3437,200.0,0.3437
2019-05-01 15:17:00-04:00,0.3426,0.3343,0.3437,0.3437,600.0,0.3437
2019-05-01 15:19:00-04:00,0.3334,0.3331,0.3437,0.3437,900.0,0.3437
2019-05-01 15:20:00-04:00,0.342,0.3362,0.342,0.3362,405.0,0.3362
2019-05-01 15:21:00-04:00,0.3437,0.3437,0.3437,0.3437,100.0,0.3437
2019-05-01 15:22:00-04:00,0.3414,0.3364,0.3414,0.3364,200.0,0.3364
2019-05-01 15:23:00-04:00,0.3409,0.3409,0.3409,0.3409,100.0,0.3409
2019-05-01 15:25:00-04:00,0.3331,0.3331,0.3437,0.3437,200.0,0.3437
2019-05-01 15:26:00-04:00,0.3331,0.3331,0.3399,0.3338,300.0,0.3338
2019-05-01 15:27:00-04:00,0.3398,0.3398,0.3437,0.3437,200.0,0.3437
2019-05-01 15:28:00-04:00,0.3331,0.3331,0.3331,0.3331,100.0,0.3331
2019-05-01 15:29:00-04:00,0.3432,0.3346,0.3432,0.3346,200.0,0.3346
2019-05-01 15:30:00-04:00,0.3395,0.3331,0.3435,0.3331,300.0,0.3331
2019-05-01 15:31:00-04:00,0.3347,0.3323,0.3419,0.3419,9700.0,0.3419
2019-05-01 15:32:00-04:00,0.3364,0.33,0.3418,0.3418,12232.0,0.3418
2019-05-01 15:33:00-04:00,0.3418,0.3418,0.3418,0.3418,100.0,0.3418
2019-05-01 15:34:00-04:00,0.3417,0.3322,0.3417,0.3417,1307.0,0.3417
2019-05-01 15:35:00-04:00,0.3417,0.3302,0.3417,0.3405,28505.0,0.3405
2019-05-01 15:37:00-04:00,0.3305,0.3305,0.3405,0.3405,23444.0,0.3405
2019-05-01 15:39:00-04:00,0.3374,0.335,0.3393,0.335,450.0,0.335
2019-05-01 15:40:00-04:00,0.3399,0.3375,0.3399,0.3375,206.0,0.3375
2019-05-01 15:41:00-04:00,0.3375,0.3375,0.3399,0.3399,206.0,0.3399
2019-05-01 15:42:00-04:00,0.3395,0.3376,0.3399,0.3376,400.0,0.3376
2019-05-01 15:43:00-04:00,0.3399,0.3355,0.3399,0.3355,325.0,0.3355
2019-05-01 15:44:00-04:00,0.3399,0.3355,0.3399,0.3355,300.0,0.3355
2019-05-01 15:45:00-04:00,0.3394,0.3354,0.3399,0.3399,1605.0,0.3399
2019-05-01 15:46:00-04:00,0.3355,0.3355,0.3399,0.3399,400.0,0.3399
2019-05-01 15:47:00-04:00,0.3399,0.3399,0.3399,0.3399,100.0,0.3399
2019-05-01 15:48:00-04:00,0.339,0.3389,0.3399,0.3399,606.0,0.3399
2019-05-01 15:49:00-04:00,0.3382,0.3382,0.339,0.339,600.0,0.339
2019-05-01 15:50:00-04:00,0.339,0.3383,0.3399,0.3397,1114.0,0.3397
2019-05-01 15:51:00-04:00,0.339,0.3383,0.3397,0.3384,905.0,0.3384
2019-05-01 15:52:00-04:00,0.3397,0.3391,0.3418,0.3409,2605.0,0.3409
2019-05-01 15:53:00-04:00,0.3416,0.33,0.3418,0.33,11783.0,0.33
2019-05-01 15:54:00-04:00,0.3359,0.33,0.3419,0.335,32888.0,0.335
2019-05-01 15:55:00-04:00,0.335,0.33,0.348,0.3385,18883.0,0.3385
2019-05-01 15:56:00-04:00,0.347,0.335,0.347,0.34,3502.0,0.34
2019-05-01 15:57:00-04:00,0.34,0.34,0.3485,0.347,3600.0,0.347
2019-05-01 15:58:00-04:00,0.3435,0.3393,0.347,0.34,5239.0,0.34
2019-05-01 15:59:00-04:00,0.34,0.335,0.35,0.335,10561.0,0.335
2019-05-02 09:30:00-04:00,0.3477,0.3469,0.35,0.35,0.0,0.35
2019-05-02 09:32:00-04:00,0.35,0.34,0.35,0.34,407.0,0.34
2019-05-02 09:33:00-04:00,0.34,0.34,0.3401,0.34,4700.0,0.34
2019-05-02 09:34:00-04:00,0.3584,0.3584,0.3584,0.3584,500.0,0.3584
2019-05-02 09:35:00-04:00,0.3501,0.3499,0.3595,0.3499,3500.0,0.3499
2019-05-02 09:37:00-04:00,0.3498,0.3498,0.3498,0.3498,400.0,0.3498
2019-05-02 09:38:00-04:00,0.3498,0.3498,0.3498,0.3498,400.0,0.3498
2019-05-02 09:39:00-04:00,0.3498,0.3498,0.3498,0.3498,635.0,0.3498
2019-05-02 09:40:00-04:00,0.3498,0.3498,0.3498,0.3498,500.0,0.3498
2019-05-02 09:41:00-04:00,0.3498,0.3498,0.3498,0.3498,1200.0,0.3498
2019-05-02 09:44:00-04:00,0.3498,0.3498,0.3498,0.3498,521.0,0.3498
2019-05-02 09:45:00-04:00,0.3409,0.3409,0.3409,0.3409,259.0,0.3409
2019-05-02 09:46:00-04:00,0.3499,0.3498,0.3499,0.3498,1242.0,0.3498
2019-05-02 09:49:00-04:00,0.349,0.349,0.3494,0.3494,202.0,0.3494
2019-05-02 09:51:00-04:00,0.3497,0.3497,0.3497,0.3497,298.0,0.3497
2019-05-02 09:52:00-04:00,0.3496,0.3493,0.3496,0.3496,2100.0,0.3496
2019-05-02 09:54:00-04:00,0.3417,0.3417,0.3417,0.3417,100.0,0.3417
2019-05-02 09:56:00-04:00,0.342,0.342,0.342,0.342,135.0,0.342
2019-05-02 10:01:00-04:00,0.3491,0.3491,0.3491,0.3491,300.0,0.3491
2019-05-02 10:02:00-04:00,0.3495,0.3495,0.3495,0.3495,1014.0,0.3495
2019-05-02 10:04:00-04:00,0.3495,0.3495,0.3495,0.3495,300.0,0.3495
2019-05-02 10:06:00-04:00,0.3496,0.3496,0.36,0.35,963.0,0.35
2019-05-02 10:07:00-04:00,0.3499,0.3499,0.3499,0.3499,2520.0,0.3499
2019-05-02 10:10:00-04:00,0.3496,0.3495,0.3496,0.3496,1225.0,0.3496
2019-05-02 10:12:00-04:00,0.3426,0.3426,0.3426,0.3426,100.0,0.3426
2019-05-02 10:14:00-04:00,0.346,0.346,0.346,0.346,100.0,0.346
2019-05-02 10:17:00-04:00,0.3494,0.3494,0.3494,0.3494,2300.0,0.3494
2019-05-02 10:18:00-04:00,0.3494,0.3494,0.3494,0.3494,100.0,0.3494
2019-05-02 10:20:00-04:00,0.3498,0.3498,0.3498,0.3498,200.0,0.3498
2019-05-02 10:24:00-04:00,0.3498,0.3497,0.3498,0.3498,4299.0,0.3498
2019-05-02 10:26:00-04:00,0.3498,0.3498,0.3498,0.3498,124.0,0.3498
2019-05-02 10:31:00-04:00,0.3498,0.3498,0.3498,0.3498,1700.0,0.3498
2019-05-02 10:32:00-04:00,0.3497,0.3497,0.3497,0.3497,2800.0,0.3497
2019-05-02 10:33:00-04:00,0.3496,0.34,0.3496,0.34,22700.0,0.34
2019-05-02 10:34:00-04:00,0.3402,0.3402,0.3402,0.3402,5000.0,0.3402
2019-05-02 10:35:00-04:00,0.3455,0.3201,0.3455,0.3201,21100.0,0.3201
2019-05-02 10:36:00-04:00,0.3201,0.3201,0.3383,0.3245,3600.0,0.3245
2019-05-02 10:37:00-04:00,0.321,0.321,0.34,0.34,300.0,0.34
2019-05-02 10:38:00-04:00,0.34,0.3214,0.34,0.3214,300.0,0.3214
2019-05-02 10:39:00-04:00,0.321,0.321,0.321,0.321,200.0,0.321
2019-05-02 10:41:00-04:00,0.322,0.322,0.322,0.322,100.0,0.322
2019-05-02 10:42:00-04:00,0.3227,0.3227,0.3227,0.3227,100.0,0.3227
2019-05-02 10:43:00-04:00,0.322,0.322,0.322,0.322,100.0,0.322
2019-05-02 10:44:00-04:00,0.322,0.322,0.3274,0.3274,4281.0,0.3274
2019-05-02 10:45:00-04:00,0.328,0.328,0.328,0.328,100.0,0.328
2019-05-02 10:46:00-04:00,0.329,0.328,0.3299,0.3297,6700.0,0.3297
2019-05-02 10:47:00-04:00,0.328,0.328,0.328,0.328,1904.0,0.328
2019-05-02 10:48:00-04:00,0.321,0.321,0.321,0.321,1100.0,0.321
2019-05-02 10:49:00-04:00,0.3279,0.3279,0.3279,0.3279,100.0,0.3279
2019-05-02 10:50:00-04:00,0.3211,0.3211,0.3211,0.3211,2450.0,0.3211
2019-05-02 10:51:00-04:00,0.3224,0.3224,0.3224,0.3224,120.0,0.3224
2019-05-02 10:56:00-04:00,0.3224,0.321,0.34,0.34,10700.0,0.34
2019-05-02 10:57:00-04:00,0.3396,0.3396,0.3396,0.3396,100.0,0.3396
2019-05-02 11:02:00-04:00,0.3392,0.3392,0.3396,0.3396,300.0,0.3396
2019-05-02 11:04:00-04:00,0.34,0.34,0.34,0.34,400.0,0.34
2019-05-02 11:05:00-04:00,0.3266,0.3266,0.3266,0.3266,100.0,0.3266
2019-05-02 11:08:00-04:00,0.34,0.3395,0.34,0.34,11100.0,0.34
2019-05-02 11:10:00-04:00,0.3303,0.321,0.3303,0.321,2608.0,0.321
2019-05-02 11:17:00-04:00,0.3263,0.3263,0.3263,0.3263,115.0,0.3263
2019-05-02 11:20:00-04:00,0.3265,0.325,0.3265,0.3265,2300.0,0.3265
2019-05-02 11:22:00-04:00,0.3211,0.3211,0.3211,0.3211,100.0,0.3211
2019-05-02 11:23:00-04:00,0.3224,0.3211,0.3224,0.3211,14100.0,0.3211
2019-05-02 11:24:00-04:00,0.3249,0.317,0.3249,0.317,20890.0,0.317
2019-05-02 11:27:00-04:00,0.3199,0.3199,0.3199,0.3199,200.0,0.3199
2019-05-02 11:28:00-04:00,0.318,0.318,0.318,0.318,500.0,0.318
2019-05-02 11:30:00-04:00,0.318,0.317,0.318,0.3172,2060.0,0.3172
2019-05-02 11:31:00-04:00,0.3171,0.3171,0.3171,0.3171,100.0,0.3171
2019-05-02 11:32:00-04:00,0.3171,0.3171,0.3172,0.3172,1700.0,0.3172
2019-05-02 11:33:00-04:00,0.3171,0.3171,0.3172,0.3172,1300.0,0.3172
2019-05-02 11:34:00-04:00,0.3172,0.3172,0.3199,0.3199,8350.0,0.3199
2019-05-02 11:35:00-04:00,0.3289,0.3289,0.3289,0.3289,200.0,0.3289
2019-05-02 11:36:00-04:00,0.3237,0.3237,0.3237,0.3237,1400.0,0.3237
2019-05-02 11:40:00-04:00,0.3238,0.3201,0.3238,0.3201,4900.0,0.3201
2019-05-02 11:42:00-04:00,0.3199,0.3199,0.3199,0.3199,100.0,0.3199
2019-05-02 11:43:00-04:00,0.3199,0.3184,0.32,0.3199,1700.0,0.3199
2019-05-02 11:45:00-04:00,0.3198,0.3198,0.3198,0.3198,5010.0,0.3198
2019-05-02 11:49:00-04:00,0.3181,0.3181,0.3181,0.3181,132.0,0.3181
2019-05-02 11:55:00-04:00,0.3181,0.3181,0.339,0.339,10500.0,0.339
2019-05-02 11:57:00-04:00,0.3376,0.3292,0.3395,0.3327,1726.0,0.3327
2019-05-02 12:00:00-04:00,0.3292,0.3292,0.3292,0.3292,200.0,0.3292
2019-05-02 12:01:00-04:00,0.3292,0.318,0.3326,0.318,1224.0,0.318
2019-05-02 12:02:00-04:00,0.3325,0.3325,0.3325,0.3325,1000.0,0.3325
2019-05-02 12:03:00-04:00,0.3325,0.318,0.3325,0.3228,7643.0,0.3228
2019-05-02 12:08:00-04:00,0.3206,0.3206,0.3206,0.3206,100.0,0.3206
2019-05-02 12:09:00-04:00,0.33,0.33,0.33,0.33,100.0,0.33
2019-05-02 12:10:00-04:00,0.33,0.33,0.33,0.33,460.0,0.33
2019-05-02 12:15:00-04:00,0.318,0.318,0.33,0.33,700.0,0.33
2019-05-02 12:16:00-04:00,0.3296,0.3296,0.3296,0.3296,100.0,0.3296
2019-05-02 12:17:00-04:00,0.3289,0.3289,0.3289,0.3289,125.0,0.3289
2019-05-02 12:18:00-04:00,0.3208,0.3208,0.3208,0.3208,100.0,0.3208
2019-05-02 12:19:00-04:00,0.3203,0.3203,0.3203,0.3203,1100.0,0.3203
2019-05-02 12:21:00-04:00,0.3203,0.3203,0.3207,0.3203,2300.0,0.3203
2019-05-02 12:22:00-04:00,0.3207,0.3207,0.3296,0.3296,200.0,0.3296
2019-05-02 12:25:00-04:00,0.3208,0.32,0.3208,0.32,300.0,0.32
2019-05-02 12:28:00-04:00,0.3207,0.3207,0.3207,0.3207,101.0,0.3207
2019-05-02 12:31:00-04:00,0.3203,0.3203,0.3286,0.3286,1301.0,0.3286
2019-05-02 12:32:00-04:00,0.3287,0.3287,0.3287,0.3287,201.0,0.3287
2019-05-02 12:33:00-04:00,0.3289,0.3201,0.3289,0.3201,2714.0,0.3201
2019-05-02 12:35:00-04:00,0.3201,0.3201,0.3288,0.3288,1401.0,0.3288
2019-05-02 12:39:00-04:00,0.325,0.325,0.325,0.325,103.0,0.325
2019-05-02 12:40:00-04:00,0.3251,0.3251,0.3298,0.3298,805.0,0.3298
2019-05-02 12:42:00-04:00,0.3268,0.3203,0.3268,0.3203,1101.0,0.3203
2019-05-02 12:43:00-04:00,0.3205,0.3205,0.3215,0.3215,1623.0,0.3215
2019-05-02 12:52:00-04:00,0.3235,0.32,0.3235,0.32,3649.0,0.32
2019-05-02 12:53:00-04:00,0.319,0.319,0.319,0.319,100.0,0.319
2019-05-02 12:54:00-04:00,0.3182,0.318,0.3182,0.318,703.0,0.318
2019-05-02 12:55:00-04:00,0.3199,0.3199,0.3199,0.3199,497.0,0.3199
2019-05-02 12:57:00-04:00,0.32,0.32,0.32,0.32,702.0,0.32
2019-05-02 13:00:00-04:00,0.3203,0.3203,0.3203,0.3203,203.0,0.3203
2019-05-02 13:04:00-04:00,0.3177,0.3177,0.3177,0.3177,103.0,0.3177
2019-05-02 13:07:00-04:00,0.3183,0.3183,0.3183,0.3183,100.0,0.3183
2019-05-02 13:09:00-04:00,0.3199,0.3199,0.3199,0.3199,100.0,0.3199
2019-05-02 13:10:00-04:00,0.32,0.3199,0.32,0.3199,2000.0,0.3199
2019-05-02 13:12:00-04:00,0.3199,0.3199,0.32,0.32,200.0,0.32
2019-05-02 13:17:00-04:00,0.3199,0.3199,0.3199,0.3199,1100.0,0.3199
2019-05-02 13:18:00-04:00,0.32,0.3199,0.32,0.3199,1401.0,0.3199
2019-05-02 13:19:00-04:00,0.3199,0.3199,0.3199,0.3199,3240.0,0.3199
2019-05-02 13:20:00-04:00,0.3196,0.3196,0.3196,0.3196,101.0,0.3196
2019-05-02 13:21:00-04:00,0.3183,0.3183,0.32,0.32,8594.0,0.32
2019-05-02 13:22:00-04:00,0.3201,0.3201,0.3235,0.3219,900.0,0.3219
2019-05-02 13:24:00-04:00,0.3267,0.32,0.3267,0.32,9001.0,0.32
2019-05-02 13:25:00-04:00,0.3267,0.3267,0.3267,0.3267,133.0,0.3267
2019-05-02 13:33:00-04:00,0.3257,0.3257,0.3257,0.3257,102.0,0.3257
2019-05-02 13:35:00-04:00,0.3261,0.3261,0.3261,0.3261,103.0,0.3261
2019-05-02 13:38:00-04:00,0.3261,0.3261,0.3261,0.3261,104.0,0.3261
2019-05-02 13:42:00-04:00,0.3261,0.3261,0.3261,0.3261,500.0,0.3261
2019-05-02 13:43:00-04:00,0.3261,0.3261,0.3262,0.3261,1601.0,0.3261
2019-05-02 13:44:00-04:00,0.3261,0.3202,0.3261,0.3202,30062.0,0.3202
2019-05-02 13:48:00-04:00,0.3261,0.3261,0.3261,0.3261,600.0,0.3261
2019-05-02 13:49:00-04:00,0.32,0.32,0.32,0.32,4901.0,0.32
2019-05-02 13:51:00-04:00,0.3216,0.3216,0.3225,0.3225,557.0,0.3225
2019-05-02 13:53:00-04:00,0.3261,0.3261,0.3261,0.3261,100.0,0.3261
2019-05-02 13:54:00-04:00,0.3234,0.32,0.3234,0.32,1515.0,0.32
2019-05-02 13:57:00-04:00,0.3203,0.3203,0.3203,0.3203,771.0,0.3203
2019-05-02 14:00:00-04:00,0.32,0.32,0.32,0.32,100.0,0.32
2019-05-02 14:02:00-04:00,0.32,0.32,0.32,0.32,500.0,0.32
2019-05-02 14:03:00-04:00,0.32,0.32,0.32,0.32,100.0,0.32
2019-05-02 14:05:00-04:00,0.3221,0.3221,0.3221,0.3221,100.0,0.3221
2019-05-02 14:06:00-04:00,0.3219,0.3219,0.3219,0.3219,255.0,0.3219
2019-05-02 14:07:00-04:00,0.3219,0.3219,0.3219,0.3219,179.0,0.3219
2019-05-02 14:08:00-04:00,0.3219,0.3172,0.3219,0.3172,1954.0,0.3172
2019-05-02 14:09:00-04:00,0.3171,0.3171,0.3171,0.3171,200.0,0.3171
2019-05-02 14:10:00-04:00,0.3182,0.3182,0.3182,0.3182,100.0,0.3182
2019-05-02 14:11:00-04:00,0.3199,0.3182,0.3199,0.3182,350.0,0.3182
2019-05-02 14:12:00-04:00,0.3172,0.3171,0.3172,0.3171,1100.0,0.3171
2019-05-02 14:13:00-04:00,0.3172,0.3172,0.3268,0.3172,10900.0,0.3172
2019-05-02 14:16:00-04:00,0.3251,0.3251,0.3251,0.3251,500.0,0.3251
2019-05-02 14:17:00-04:00,0.3254,0.325,0.3254,0.3253,2488.0,0.3253
2019-05-02 14:19:00-04:00,0.3199,0.3199,0.3199,0.3199,100.0,0.3199
2019-05-02 14:21:00-04:00,0.3249,0.3249,0.3249,0.3249,200.0,0.3249
2019-05-02 14:22:00-04:00,0.3248,0.32,0.3248,0.32,3973.0,0.32
2019-05-02 14:24:00-04:00,0.3199,0.3199,0.3199,0.3199,493.0,0.3199
2019-05-02 14:27:00-04:00,0.32,0.32,0.32,0.32,200.0,0.32
2019-05-02 14:28:00-04:00,0.3199,0.3199,0.3199,0.3199,1069.0,0.3199
2019-05-02 14:29:00-04:00,0.3199,0.3199,0.3199,0.3199,1331.0,0.3199
2019-05-02 14:30:00-04:00,0.3199,0.3172,0.3199,0.3172,305.0,0.3172
2019-05-02 14:31:00-04:00,0.3199,0.3172,0.3199,0.318,1687.0,0.318
2019-05-02 14:33:00-04:00,0.3171,0.3171,0.3172,0.3171,942.0,0.3171
2019-05-02 14:36:00-04:00,0.318,0.3179,0.324,0.324,5140.0,0.324
2019-05-02 14:37:00-04:00,0.3249,0.3248,0.3249,0.3248,1500.0,0.3248
2019-05-02 14:40:00-04:00,0.3247,0.3247,0.3247,0.3247,898.0,0.3247
2019-05-02 14:42:00-04:00,0.32,0.32,0.32,0.32,200.0,0.32
2019-05-02 14:44:00-04:00,0.32,0.32,0.32,0.32,10928.0,0.32
2019-05-02 14:45:00-04:00,0.3205,0.3205,0.3205,0.3205,1100.0,0.3205
2019-05-02 14:46:00-04:00,0.3248,0.3248,0.3268,0.3261,600.0,0.3261
2019-05-02 14:47:00-04:00,0.3268,0.3268,0.3268,0.3268,500.0,0.3268
2019-05-02 14:48:00-04:00,0.3268,0.3268,0.3268,0.3268,500.0,0.3268
2019-05-02 14:49:00-04:00,0.3268,0.3267,0.3268,0.3267,1278.0,0.3267
2019-05-02 14:50:00-04:00,0.3267,0.3201,0.3267,0.3201,200.0,0.3201
2019-05-02 14:51:00-04:00,0.3267,0.3267,0.3267,0.3267,400.0,0.3267
2019-05-02 14:52:00-04:00,0.3267,0.3266,0.3267,0.3266,1061.0,0.3266
2019-05-02 14:53:00-04:00,0.3266,0.3266,0.3266,0.3266,146.0,0.3266
2019-05-02 14:54:00-04:00,0.3266,0.3266,0.3266,0.3266,500.0,0.3266
2019-05-02 14:55:00-04:00,0.3265,0.3264,0.3265,0.3264,788.0,0.3264
2019-05-02 14:56:00-04:00,0.3264,0.3201,0.3264,0.3249,665.0,0.3249
2019-05-02 14:57:00-04:00,0.325,0.3249,0.325,0.3249,567.0,0.3249
2019-05-02 14:58:00-04:00,0.3249,0.3249,0.325,0.3249,700.0,0.3249
2019-05-02 14:59:00-04:00,0.3201,0.3201,0.3265,0.3265,1382.0,0.3265
2019-05-02 15:03:00-04:00,0.3265,0.3265,0.3265,0.3265,100.0,0.3265
2019-05-02 15:04:00-04:00,0.3265,0.3265,0.3265,0.3265,425.0,0.3265
2019-05-02 15:06:00-04:00,0.3233,0.3201,0.3233,0.3202,6205.0,0.3202
2019-05-02 15:07:00-04:00,0.3264,0.3264,0.3264,0.3264,100.0,0.3264
2019-05-02 15:08:00-04:00,0.3202,0.3201,0.3202,0.3201,1180.0,0.3201
2019-05-02 15:09:00-04:00,0.3171,0.317,0.3172,0.317,1100.0,0.317
2019-05-02 15:12:00-04:00,0.32,0.32,0.32,0.32,2500.0,0.32
2019-05-02 15:13:00-04:00,0.3238,0.3238,0.3238,0.3238,200.0,0.3238
2019-05-02 15:14:00-04:00,0.32,0.3165,0.32,0.3165,10425.0,0.3165
2019-05-02 15:15:00-04:00,0.3164,0.3164,0.3169,0.3169,1420.0,0.3169
2019-05-02 15:16:00-04:00,0.3238,0.3238,0.3238,0.3238,100.0,0.3238
2019-05-02 15:18:00-04:00,0.318,0.318,0.3236,0.3236,4606.0,0.3236
2019-05-02 15:21:00-04:00,0.3181,0.3181,0.3181,0.3181,210.0,0.3181
2019-05-02 15:23:00-04:00,0.323,0.3181,0.323,0.3181,200.0,0.3181
2019-05-02 15:25:00-04:00,0.3181,0.3181,0.3181,0.3181,200.0,0.3181
2019-05-02 15:26:00-04:00,0.3229,0.3182,0.3229,0.3182,2700.0,0.3182
2019-05-02 15:27:00-04:00,0.3181,0.3181,0.3192,0.3192,2750.0,0.3192
2019-05-02 15:28:00-04:00,0.3181,0.3181,0.3238,0.3236,7940.0,0.3236
2019-05-02 15:29:00-04:00,0.317,0.317,0.3238,0.3238,403.0,0.3238
2019-05-02 15:33:00-04:00,0.3238,0.3219,0.3238,0.3219,200.0,0.3219
2019-05-02 15:34:00-04:00,0.3237,0.3237,0.3237,0.3237,1000.0,0.3237
2019-05-02 15:35:00-04:00,0.3237,0.3172,0.3237,0.319,1390.0,0.319
2019-05-02 15:36:00-04:00,0.3187,0.3187,0.3187,0.3187,100.0,0.3187
2019-05-02 15:37:00-04:00,0.3187,0.317,0.3187,0.317,912.0,0.317
2019-05-02 15:38:00-04:00,0.3172,0.3172,0.3172,0.3172,103.0,0.3172
2019-05-02 15:39:00-04:00,0.3181,0.3181,0.3181,0.3181,1100.0,0.3181
2019-05-02 15:40:00-04:00,0.32,0.32,0.3233,0.3233,200.0,0.3233
2019-05-02 15:41:00-04:00,0.32,0.32,0.32,0.32,5602.0,0.32
2019-05-02 15:44:00-04:00,0.3172,0.3172,0.3172,0.3172,200.0,0.3172
2019-05-02 15:45:00-04:00,0.318,0.317,0.318,0.317,203.0,0.317
2019-05-02 15:46:00-04:00,0.318,0.318,0.318,0.318,200.0,0.318
2019-05-02 15:47:00-04:00,0.317,0.316,0.317,0.316,302.0,0.316
2019-05-02 15:48:00-04:00,0.316,0.3129,0.316,0.3129,647.0,0.3129
2019-05-02 15:49:00-04:00,0.313,0.3129,0.313,0.3129,700.0,0.3129
2019-05-02 15:50:00-04:00,0.3131,0.3131,0.3131,0.3131,205.0,0.3131
2019-05-02 15:51:00-04:00,0.3159,0.3131,0.316,0.316,1620.0,0.316
2019-05-02 15:52:00-04:00,0.316,0.316,0.316,0.316,330.0,0.316
2019-05-02 15:53:00-04:00,0.316,0.316,0.316,0.316,1850.0,0.316
2019-05-02 15:54:00-04:00,0.316,0.3131,0.316,0.3132,3050.0,0.3132
2019-05-02 15:55:00-04:00,0.3132,0.3131,0.3154,0.3132,970.0,0.3132
2019-05-02 15:56:00-04:00,0.3151,0.313,0.316,0.313,2700.0,0.313
2019-05-02 15:57:00-04:00,0.313,0.313,0.313,0.313,410.0,0.313
2019-05-02 15:58:00-04:00,0.3131,0.31,0.3131,0.31,10010.0,0.31
2019-05-03 09:30:00-04:00,0.3247,0.3247,0.3341,0.3341,334.0,0.3341
2019-05-03 09:31:00-04:00,0.3181,0.3181,0.3181,0.3181,2110.0,0.3181
2019-05-03 09:32:00-04:00,0.3181,0.3181,0.3281,0.3281,11503.0,0.3281
2019-05-03 09:34:00-04:00,0.327,0.327,0.327,0.327,100.0,0.327
2019-05-03 09:35:00-04:00,0.3268,0.3265,0.3268,0.3265,916.0,0.3265
2019-05-03 09:41:00-04:00,0.3101,0.3101,0.3101,0.3101,112.0,0.3101
2019-05-03 09:45:00-04:00,0.3196,0.3196,0.3196,0.3196,254.0,0.3196
2019-05-03 09:46:00-04:00,0.3126,0.3126,0.3126,0.3126,155.0,0.3126
2019-05-03 09:47:00-04:00,0.3199,0.3199,0.3199,0.3199,1000.0,0.3199
2019-05-03 09:48:00-04:00,0.3193,0.3193,0.3204,0.32,17432.0,0.32
2019-05-03 09:49:00-04:00,0.32,0.32,0.3201,0.3201,5343.0,0.3201
2019-05-03 09:50:00-04:00,0.3201,0.3201,0.326,0.326,9300.0,0.326
2019-05-03 09:51:00-04:00,0.3133,0.313,0.3133,0.313,7034.0,0.313
2019-05-03 09:59:00-04:00,0.3133,0.3133,0.3133,0.3133,200.0,0.3133
2019-05-03 10:00:00-04:00,0.3199,0.3199,0.3199,0.3199,950.0,0.3199
2019-05-03 10:01:00-04:00,0.3139,0.3139,0.3139,0.3139,5000.0,0.3139
2019-05-03 10:02:00-04:00,0.3133,0.3133,0.3133,0.3133,300.0,0.3133
2019-05-03 10:04:00-04:00,0.314,0.31,0.314,0.31,14105.0,0.31
2019-05-03 10:05:00-04:00,0.31,0.3,0.31,0.3001,62489.0,0.3001
2019-05-03 10:06:00-04:00,0.3,0.3,0.3,0.3,101.0,0.3
2019-05-03 10:07:00-04:00,0.3011,0.3011,0.3012,0.3011,1315.0,0.3011
2019-05-03 10:08:00-04:00,0.3011,0.3011,0.3011,0.3011,250.0,0.3011
2019-05-03 10:09:00-04:00,0.3012,0.3011,0.3012,0.3011,901.0,0.3011
2019-05-03 10:10:00-04:00,0.3011,0.3,0.305,0.3012,22444.0,0.3012
2019-05-03 10:11:00-04:00,0.3093,0.3093,0.3093,0.3093,115.0,0.3093
2019-05-03 10:12:00-04:00,0.309,0.309,0.3099,0.3099,815.0,0.3099
2019-05-03 10:13:00-04:00,0.3098,0.309,0.3099,0.309,3308.0,0.309
2019-05-03 10:15:00-04:00,0.3098,0.3097,0.3098,0.3097,6224.0,0.3097
2019-05-03 10:16:00-04:00,0.3092,0.3092,0.3092,0.3092,1138.0,0.3092
2019-05-03 10:17:00-04:00,0.3097,0.3097,0.3097,0.3097,5451.0,0.3097
2019-05-03 10:18:00-04:00,0.3051,0.3051,0.3051,0.3051,2940.0,0.3051
2019-05-03 10:19:00-04:00,0.3098,0.3098,0.3098,0.3098,621.0,0.3098
2019-05-03 10:20:00-04:00,0.3052,0.3052,0.3098,0.3098,5173.0,0.3098
2019-05-03 10:23:00-04:00,0.3051,0.3051,0.3051,0.3051,1775.0,0.3051
2019-05-03 10:24:00-04:00,0.3098,0.3098,0.3098,0.3098,306.0,0.3098
2019-05-03 10:25:00-04:00,0.3098,0.3098,0.3098,0.3098,2540.0,0.3098
2019-05-03 10:26:00-04:00,0.3051,0.3051,0.3051,0.3051,830.0,0.3051
2019-05-03 10:28:00-04:00,0.3051,0.3051,0.3051,0.3051,570.0,0.3051
2019-05-03 10:29:00-04:00,0.3051,0.3051,0.3051,0.3051,842.0,0.3051
2019-05-03 10:30:00-04:00,0.3051,0.3051,0.3051,0.3051,118.0,0.3051
2019-05-03 10:32:00-04:00,0.3098,0.3098,0.3098,0.3098,280.0,0.3098
2019-05-03 10:33:00-04:00,0.3093,0.305,0.3093,0.305,2246.0,0.305
2019-05-03 10:34:00-04:00,0.3098,0.3098,0.3098,0.3098,231.0,0.3098
2019-05-03 10:35:00-04:00,0.3097,0.3051,0.3097,0.3051,1154.0,0.3051
2019-05-03 10:37:00-04:00,0.3096,0.3075,0.3098,0.3098,13105.0,0.3098
2019-05-03 10:41:00-04:00,0.3098,0.307,0.31,0.3098,4000.0,0.3098
2019-05-03 10:43:00-04:00,0.3042,0.3042,0.3042,0.3042,700.0,0.3042
2019-05-03 10:44:00-04:00,0.31,0.3095,0.31,0.31,9000.0,0.31
2019-05-03 10:45:00-04:00,0.31,0.31,0.3101,0.3101,5300.0,0.3101
2019-05-03 10:48:00-04:00,0.3106,0.3106,0.3106,0.3106,100.0,0.3106
2019-05-03 10:49:00-04:00,0.3108,0.3106,0.3108,0.3106,6331.0,0.3106
2019-05-03 10:51:00-04:00,0.3121,0.3098,0.315,0.3098,28584.0,0.3098
2019-05-03 10:52:00-04:00,0.3097,0.3094,0.31,0.3094,16760.0,0.3094
2019-05-03 10:53:00-04:00,0.31,0.31,0.31,0.31,2015.0,0.31
2019-05-03 10:54:00-04:00,0.31,0.31,0.32,0.31,193725.0,0.31
2019-05-03 10:55:00-04:00,0.315,0.3051,0.316,0.3051,223547.0,0.3051
2019-05-03 10:56:00-04:00,0.3137,0.31,0.315,0.31,54132.0,0.31
2019-05-03 10:57:00-04:00,0.31,0.305,0.31,0.3099,62908.0,0.3099
2019-05-03 10:58:00-04:00,0.3053,0.305,0.31,0.3099,21101.0,0.3099
2019-05-03 10:59:00-04:00,0.31,0.308,0.3129,0.3101,36800.0,0.3101
2019-05-03 11:00:00-04:00,0.3126,0.31,0.3129,0.31,21273.0,0.31
2019-05-03 11:01:00-04:00,0.3129,0.3051,0.3129,0.3104,30077.0,0.3104
2019-05-03 11:02:00-04:00,0.31,0.31,0.3104,0.3102,4000.0,0.3102
2019-05-03 11:03:00-04:00,0.3102,0.3099,0.3129,0.31,12850.0,0.31
2019-05-03 11:04:00-04:00,0.3125,0.31,0.3129,0.31,54350.0,0.31
2019-05-03 11:05:00-04:00,0.3129,0.31,0.3129,0.31,14476.0,0.31
2019-05-03 11:06:00-04:00,0.3129,0.3051,0.3129,0.3129,37300.0,0.3129
2019-05-03 11:07:00-04:00,0.3127,0.31,0.3127,0.31,7302.0,0.31
2019-05-03 11:08:00-04:00,0.3101,0.305,0.3107,0.305,55308.0,0.305
2019-05-03 11:09:00-04:00,0.307,0.307,0.3127,0.3113,12763.0,0.3113
2019-05-03 11:10:00-04:00,0.3124,0.3124,0.3124,0.3124,102.0,0.3124
2019-05-03 11:11:00-04:00,0.3129,0.3114,0.3163,0.3163,40231.0,0.3163
2019-05-03 11:12:00-04:00,0.317,0.308,0.32,0.3158,76613.0,0.3158
2019-05-03 11:13:00-04:00,0.316,0.308,0.316,0.3134,40220.0,0.3134
2019-05-03 11:14:00-04:00,0.316,0.316,0.316,0.316,930.0,0.316
2019-05-03 11:15:00-04:00,0.31,0.3,0.316,0.3001,164727.0,0.3001
2019-05-03 11:16:00-04:00,0.3099,0.308,0.3099,0.308,29470.0,0.308
2019-05-03 11:19:00-04:00,0.3081,0.3081,0.3081,0.3081,5150.0,0.3081
2019-05-03 11:20:00-04:00,0.3081,0.3081,0.315,0.3149,38430.0,0.3149
2019-05-03 11:21:00-04:00,0.3149,0.31,0.315,0.314,29028.0,0.314
2019-05-03 11:22:00-04:00,0.31,0.31,0.3145,0.314,11515.0,0.314
2019-05-03 11:24:00-04:00,0.3146,0.3145,0.3146,0.3145,1020.0,0.3145
2019-05-03 11:25:00-04:00,0.3148,0.309,0.315,0.309,600.0,0.309
2019-05-03 11:26:00-04:00,0.3145,0.3145,0.3145,0.3145,500.0,0.3145
2019-05-03 11:27:00-04:00,0.3147,0.3111,0.3148,0.3111,7250.0,0.3111
2019-05-03 11:28:00-04:00,0.3149,0.31,0.3149,0.3101,20175.0,0.3101
2019-05-03 11:29:00-04:00,0.31,0.308,0.316,0.3142,19328.0,0.3142
2019-05-03 11:30:00-04:00,0.3082,0.3082,0.3147,0.3147,359.0,0.3147
2019-05-03 11:32:00-04:00,0.3101,0.3051,0.3101,0.3051,32451.0,0.3051
2019-05-03 11:34:00-04:00,0.3125,0.31,0.315,0.31,22200.0,0.31
2019-05-03 11:35:00-04:00,0.31,0.305,0.3149,0.305,9831.0,0.305
2019-05-03 11:36:00-04:00,0.3052,0.3052,0.3053,0.3053,800.0,0.3053
2019-05-03 11:37:00-04:00,0.3101,0.3101,0.3101,0.3101,135.0,0.3101
2019-05-03 11:38:00-04:00,0.3101,0.3101,0.3101,0.3101,1100.0,0.3101
2019-05-03 11:39:00-04:00,0.3101,0.31,0.3101,0.31,4160.0,0.31
2019-05-03 11:40:00-04:00,0.31,0.3097,0.3101,0.3097,7386.0,0.3097
2019-05-03 11:41:00-04:00,0.3053,0.3053,0.3081,0.3081,2550.0,0.3081
2019-05-03 11:44:00-04:00,0.31,0.31,0.31,0.31,150.0,0.31
2019-05-03 11:45:00-04:00,0.3101,0.3101,0.3101,0.3101,1700.0,0.3101
2019-05-03 11:47:00-04:00,0.31,0.31,0.31,0.31,3900.0,0.31
2019-05-03 11:50:00-04:00,0.3082,0.3082,0.3082,0.3082,100.0,0.3082
2019-05-03 11:52:00-04:00,0.3083,0.3052,0.3083,0.3052,2200.0,0.3052
2019-05-03 11:53:00-04:00,0.308,0.308,0.308,0.308,15044.0,0.308
2019-05-03 11:58:00-04:00,0.308,0.3075,0.308,0.3075,11542.0,0.3075
2019-05-03 11:59:00-04:00,0.306,0.306,0.306,0.306,100.0,0.306
2019-05-03 12:00:00-04:00,0.3054,0.3054,0.3054,0.3054,11305.0,0.3054
2019-05-03 12:03:00-04:00,0.3053,0.3053,0.3054,0.3054,8042.0,0.3054
2019-05-03 12:04:00-04:00,0.3054,0.3054,0.3054,0.3054,560.0,0.3054
2019-05-03 12:05:00-04:00,0.3054,0.3054,0.3054,0.3054,200.0,0.3054
2019-05-03 12:06:00-04:00,0.3054,0.3054,0.3054,0.3054,450.0,0.3054
2019-05-03 12:07:00-04:00,0.3053,0.303,0.3053,0.303,24935.0,0.303
2019-05-03 12:08:00-04:00,0.3031,0.3031,0.3052,0.3052,8200.0,0.3052
2019-05-03 12:09:00-04:00,0.3034,0.3034,0.3092,0.3092,11370.0,0.3092
2019-05-03 12:12:00-04:00,0.3092,0.3044,0.3092,0.3044,718.0,0.3044
2019-05-03 12:13:00-04:00,0.3042,0.3042,0.3042,0.3042,500.0,0.3042
2019-05-03 12:15:00-04:00,0.3071,0.3071,0.3071,0.3071,100.0,0.3071
2019-05-03 12:18:00-04:00,0.3092,0.3092,0.3092,0.3092,116.0,0.3092
2019-05-03 12:19:00-04:00,0.3092,0.3074,0.3092,0.3074,8056.0,0.3074
2019-05-03 12:20:00-04:00,0.3072,0.3072,0.3073,0.3073,1000.0,0.3073
2019-05-03 12:21:00-04:00,0.3073,0.3073,0.3073,0.3073,107.0,0.3073
2019-05-03 12:23:00-04:00,0.3073,0.3072,0.3073,0.3072,8200.0,0.3072
2019-05-03 12:24:00-04:00,0.3072,0.3072,0.3072,0.3072,628.0,0.3072
2019-05-03 12:25:00-04:00,0.3072,0.3068,0.3072,0.3068,1506.0,0.3068
2019-05-03 12:30:00-04:00,0.3071,0.3071,0.3071,0.3071,100.0,0.3071
2019-05-03 12:32:00-04:00,0.3071,0.3054,0.3071,0.3054,483.0,0.3054
2019-05-03 12:33:00-04:00,0.303,0.303,0.303,0.303,130.0,0.303
2019-05-03 12:34:00-04:00,0.3044,0.3044,0.3044,0.3044,1033.0,0.3044
2019-05-03 12:35:00-04:00,0.3046,0.3046,0.3046,0.3046,100.0,0.3046
2019-05-03 12:36:00-04:00,0.3046,0.303,0.3046,0.303,230.0,0.303
2019-05-03 12:38:00-04:00,0.3047,0.3047,0.305,0.305,1000.0,0.305
2019-05-03 12:39:00-04:00,0.305,0.305,0.305,0.305,300.0,0.305
2019-05-03 12:42:00-04:00,0.3041,0.3041,0.3041,0.3041,750.0,0.3041
2019-05-03 12:45:00-04:00,0.305,0.3047,0.3072,0.3047,22030.0,0.3047
2019-05-03 12:50:00-04:00,0.3061,0.3061,0.3067,0.3067,700.0,0.3067
2019-05-03 12:51:00-04:00,0.3068,0.3068,0.3068,0.3068,13100.0,0.3068
2019-05-03 12:52:00-04:00,0.3057,0.305,0.3071,0.305,2355.0,0.305
2019-05-03 12:53:00-04:00,0.305,0.301,0.305,0.301,15100.0,0.301
2019-05-03 12:54:00-04:00,0.3046,0.3046,0.305,0.305,35030.0,0.305
2019-05-03 12:57:00-04:00,0.305,0.3025,0.305,0.3025,10300.0,0.3025
2019-05-03 12:59:00-04:00,0.305,0.305,0.305,0.305,100.0,0.305
2019-05-03 13:00:00-04:00,0.305,0.305,0.305,0.305,100.0,0.305
2019-05-03 13:01:00-04:00,0.303,0.303,0.303,0.303,350.0,0.303
2019-05-03 13:02:00-04:00,0.305,0.3026,0.305,0.3026,17006.0,0.3026
2019-05-03 13:05:00-04:00,0.305,0.305,0.305,0.305,400.0,0.305
2019-05-03 13:06:00-04:00,0.3049,0.3024,0.3049,0.3024,10460.0,0.3024
2019-05-03 13:07:00-04:00,0.3023,0.3023,0.3024,0.3024,2566.0,0.3024
2019-05-03 13:08:00-04:00,0.3023,0.3023,0.3024,0.3024,1437.0,0.3024
2019-05-03 13:10:00-04:00,0.3024,0.3024,0.3024,0.3024,5790.0,0.3024
2019-05-03 13:15:00-04:00,0.305,0.305,0.305,0.305,12703.0,0.305
2019-05-03 13:19:00-04:00,0.3046,0.3046,0.3046,0.3046,2038.0,0.3046
2019-05-03 13:21:00-04:00,0.3034,0.3034,0.3034,0.3034,542.0,0.3034
2019-05-03 13:22:00-04:00,0.3036,0.3036,0.3036,0.3036,426.0,0.3036
2019-05-03 13:24:00-04:00,0.305,0.305,0.305,0.305,9876.0,0.305
2019-05-03 13:26:00-04:00,0.3037,0.3037,0.3037,0.3037,100.0,0.3037
2019-05-03 13:28:00-04:00,0.3037,0.3037,0.305,0.305,1600.0,0.305
2019-05-03 13:29:00-04:00,0.305,0.304,0.3075,0.305,37808.0,0.305
2019-05-03 13:30:00-04:00,0.31,0.31,0.31,0.31,100.0,0.31
2019-05-03 13:31:00-04:00,0.31,0.31,0.31,0.31,100.0,0.31
2019-05-03 13:32:00-04:00,0.31,0.31,0.31,0.31,455.0,0.31
2019-05-03 13:37:00-04:00,0.3098,0.3098,0.31,0.31,500.0,0.31
2019-05-03 13:38:00-04:00,0.3084,0.3084,0.3084,0.3084,415.0,0.3084
2019-05-03 13:40:00-04:00,0.31,0.31,0.31,0.31,250.0,0.31
2019-05-03 13:42:00-04:00,0.3098,0.3098,0.3098,0.3098,300.0,0.3098
2019-05-03 13:43:00-04:00,0.3041,0.3041,0.3098,0.3045,8980.0,0.3045
2019-05-03 13:44:00-04:00,0.3046,0.3046,0.3046,0.3046,222.0,0.3046
2019-05-03 13:49:00-04:00,0.3074,0.3074,0.3074,0.3074,2160.0,0.3074
2019-05-03 13:50:00-04:00,0.3049,0.3049,0.3049,0.3049,1205.0,0.3049
2019-05-03 13:51:00-04:00,0.3052,0.3052,0.3052,0.3052,2500.0,0.3052
2019-05-03 13:52:00-04:00,0.3055,0.3036,0.3055,0.3055,2760.0,0.3055
2019-05-03 13:53:00-04:00,0.3095,0.3095,0.3095,0.3095,290.0,0.3095
2019-05-03 13:54:00-04:00,0.3055,0.3055,0.3055,0.3055,100.0,0.3055
2019-05-03 13:55:00-04:00,0.3055,0.3055,0.3055,0.3055,650.0,0.3055
2019-05-03 13:56:00-04:00,0.31,0.31,0.31,0.31,200.0,0.31
2019-05-03 13:57:00-04:00,0.3057,0.3057,0.3057,0.3057,100.0,0.3057
2019-05-03 13:59:00-04:00,0.3058,0.3058,0.3058,0.3058,200.0,0.3058
2019-05-03 14:00:00-04:00,0.3099,0.3059,0.3099,0.3059,510.0,0.3059
2019-05-03 14:02:00-04:00,0.31,0.31,0.31,0.31,100.0,0.31
2019-05-03 14:03:00-04:00,0.3077,0.3077,0.3077,0.3077,100.0,0.3077
2019-05-03 14:04:00-04:00,0.3092,0.3078,0.3099,0.3078,570.0,0.3078
2019-05-03 14:05:00-04:00,0.3078,0.3078,0.3099,0.3099,2600.0,0.3099
2019-05-03 14:07:00-04:00,0.308,0.308,0.3081,0.308,1600.0,0.308
2019-05-03 14:09:00-04:00,0.3082,0.3081,0.3082,0.3081,1400.0,0.3081
2019-05-03 14:10:00-04:00,0.3082,0.3082,0.3082,0.3082,100.0,0.3082
2019-05-03 14:11:00-04:00,0.3082,0.3081,0.3082,0.3081,2700.0,0.3081
2019-05-03 14:12:00-04:00,0.3082,0.3055,0.3083,0.3055,2726.0,0.3055
2019-05-03 14:14:00-04:00,0.3083,0.3083,0.3083,0.3083,100.0,0.3083
2019-05-03 14:15:00-04:00,0.3069,0.3069,0.3069,0.3069,180.0,0.3069
2019-05-03 14:16:00-04:00,0.3055,0.3055,0.3055,0.3055,100.0,0.3055
2019-05-03 14:17:00-04:00,0.3083,0.3083,0.3083,0.3083,108.0,0.3083
2019-05-03 14:18:00-04:00,0.3055,0.3055,0.3055,0.3055,1448.0,0.3055
2019-05-03 14:21:00-04:00,0.308,0.308,0.308,0.308,100.0,0.308
2019-05-03 14:23:00-04:00,0.308,0.308,0.308,0.308,100.0,0.308
2019-05-03 14:24:00-04:00,0.308,0.308,0.308,0.308,100.0,0.308
2019-05-03 14:27:00-04:00,0.3056,0.3056,0.3056,0.3056,1200.0,0.3056
2019-05-03 14:29:00-04:00,0.3056,0.3056,0.3057,0.3057,400.0,0.3057
2019-05-03 14:30:00-04:00,0.3057,0.3057,0.3057,0.3057,200.0,0.3057
2019-05-03 14:31:00-04:00,0.3056,0.3056,0.3056,0.3056,100.0,0.3056
2019-05-03 14:33:00-04:00,0.3056,0.3056,0.3057,0.3056,6750.0,0.3056
2019-05-03 14:34:00-04:00,0.3056,0.3056,0.3057,0.3057,200.0,0.3057
2019-05-03 14:37:00-04:00,0.3057,0.3057,0.3057,0.3057,200.0,0.3057
2019-05-03 14:40:00-04:00,0.3056,0.3056,0.3056,0.3056,16900.0,0.3056
2019-05-03 14:41:00-04:00,0.3056,0.3055,0.3056,0.3055,3879.0,0.3055
2019-05-03 14:42:00-04:00,0.3056,0.3056,0.3056,0.3056,1200.0,0.3056
2019-05-03 14:43:00-04:00,0.3056,0.3056,0.3058,0.3058,2117.0,0.3058
2019-05-03 14:45:00-04:00,0.308,0.308,0.308,0.308,131.0,0.308
2019-05-03 14:48:00-04:00,0.3061,0.3061,0.3061,0.3061,101.0,0.3061
2019-05-03 14:50:00-04:00,0.3075,0.3075,0.3075,0.3075,120.0,0.3075
2019-05-03 14:51:00-04:00,0.3062,0.3062,0.3062,0.3062,700.0,0.3062
2019-05-03 14:52:00-04:00,0.3061,0.3061,0.3075,0.3075,5532.0,0.3075
2019-05-03 14:54:00-04:00,0.3061,0.3061,0.3061,0.3061,400.0,0.3061
2019-05-03 14:57:00-04:00,0.3061,0.3061,0.3061,0.3061,1200.0,0.3061
2019-05-03 15:02:00-04:00,0.3057,0.3057,0.3057,0.3057,100.0,0.3057
2019-05-03 15:03:00-04:00,0.3056,0.3056,0.3056,0.3056,100.0,0.3056
2019-05-03 15:05:00-04:00,0.3056,0.3055,0.3056,0.3055,2100.0,0.3055
2019-05-03 15:06:00-04:00,0.3055,0.3025,0.3055,0.3025,4225.0,0.3025
2019-05-03 15:07:00-04:00,0.3025,0.3025,0.3045,0.3045,200.0,0.3045
2019-05-03 15:09:00-04:00,0.3034,0.3022,0.304,0.3022,1300.0,0.3022
2019-05-03 15:10:00-04:00,0.304,0.304,0.304,0.304,200.0,0.304
2019-05-03 15:11:00-04:00,0.3024,0.3022,0.304,0.304,800.0,0.304
2019-05-03 15:12:00-04:00,0.304,0.304,0.304,0.304,100.0,0.304
2019-05-03 15:14:00-04:00,0.3022,0.3022,0.3022,0.3022,120.0,0.3022
2019-05-03 15:15:00-04:00,0.3022,0.3017,0.3039,0.3022,7650.0,0.3022
2019-05-03 15:16:00-04:00,0.304,0.302,0.304,0.302,392.0,0.302
2019-05-03 15:17:00-04:00,0.3027,0.28,0.3027,0.29,77823.0,0.29
2019-05-03 15:18:00-04:00,0.29,0.29,0.29,0.29,5359.0,0.29
2019-05-03 15:19:00-04:00,0.286,0.286,0.29,0.286,365.0,0.286
2019-05-03 15:20:00-04:00,0.286,0.2851,0.29,0.29,19375.0,0.29
2019-05-03 15:21:00-04:00,0.2883,0.2866,0.2883,0.2867,1501.0,0.2867
2019-05-03 15:22:00-04:00,0.2867,0.2866,0.29,0.29,11483.0,0.29
2019-05-03 15:23:00-04:00,0.29,0.29,0.29,0.29,2969.0,0.29
2019-05-03 15:24:00-04:00,0.2997,0.2914,0.3,0.2914,2564.0,0.2914
2019-05-03 15:25:00-04:00,0.2998,0.2998,0.2998,0.2998,340.0,0.2998
2019-05-03 15:26:00-04:00,0.2985,0.2985,0.3,0.3,11629.0,0.3
2019-05-03 15:28:00-04:00,0.3,0.3,0.3,0.3,167.0,0.3
2019-05-03 15:29:00-04:00,0.3,0.2953,0.3,0.2953,2330.0,0.2953
2019-05-03 15:30:00-04:00,0.2956,0.2955,0.2956,0.2955,270.0,0.2955
2019-05-03 15:31:00-04:00,0.2955,0.294,0.2955,0.2946,19933.0,0.2946
2019-05-03 15:32:00-04:00,0.2952,0.294,0.2955,0.295,15863.0,0.295
2019-05-03 15:34:00-04:00,0.2943,0.2943,0.2945,0.2945,200.0,0.2945
2019-05-03 15:35:00-04:00,0.295,0.294,0.295,0.295,26758.0,0.295
2019-05-03 15:36:00-04:00,0.295,0.295,0.295,0.295,101.0,0.295
2019-05-03 15:37:00-04:00,0.295,0.2936,0.295,0.2936,500.0,0.2936
2019-05-03 15:38:00-04:00,0.2949,0.286,0.295,0.2936,21205.0,0.2936
2019-05-03 15:39:00-04:00,0.2893,0.2893,0.2914,0.2899,3048.0,0.2899
2019-05-03 15:40:00-04:00,0.2894,0.285,0.2894,0.2859,1353.0,0.2859
2019-05-03 15:41:00-04:00,0.2882,0.2882,0.2882,0.2882,150.0,0.2882
2019-05-03 15:42:00-04:00,0.2882,0.287,0.2882,0.2882,2775.0,0.2882
2019-05-03 15:43:00-04:00,0.287,0.286,0.287,0.286,6003.0,0.286
2019-05-03 15:44:00-04:00,0.2869,0.286,0.2869,0.286,1215.0,0.286
2019-05-03 15:45:00-04:00,0.286,0.28,0.286,0.28,15100.0,0.28
2019-05-03 15:46:00-04:00,0.2857,0.28,0.2857,0.2801,10603.0,0.2801
2019-05-03 15:47:00-04:00,0.2801,0.28,0.2801,0.2801,12386.0,0.2801
2019-05-03 15:48:00-04:00,0.2806,0.2805,0.284,0.284,8842.0,0.284
2019-05-03 15:49:00-04:00,0.2811,0.281,0.2864,0.281,6612.0,0.281
2019-05-03 15:50:00-04:00,0.287,0.2851,0.287,0.287,5600.0,0.287
2019-05-03 15:51:00-04:00,0.2851,0.2851,0.2851,0.2851,786.0,0.2851
2019-05-03 15:52:00-04:00,0.2851,0.2851,0.2852,0.2852,300.0,0.2852
2019-05-03 15:53:00-04:00,0.2851,0.2851,0.2852,0.2852,600.0,0.2852
2019-05-03 15:54:00-04:00,0.2851,0.2851,0.2852,0.2851,4800.0,0.2851
2019-05-03 15:55:00-04:00,0.2851,0.2851,0.2852,0.2852,10246.0,0.2852
2019-05-03 15:56:00-04:00,0.2851,0.2851,0.2851,0.2851,220.0,0.2851
2019-05-03 15:57:00-04:00,0.2851,0.2851,0.2852,0.2852,36100.0,0.2852
2019-05-03 15:58:00-04:00,0.2851,0.2851,0.2852,0.2852,10234.0,0.2852
2019-05-03 15:59:00-04:00,0.2851,0.2851,0.31,0.3098,29408.0,0.3098
2019-05-06 09:30:00-04:00,0.2935,0.2904,0.2935,0.2904,0.0,0.2904
2019-05-06 09:31:00-04:00,0.2931,0.29,0.2931,0.29,10523.0,0.29
2019-05-06 09:32:00-04:00,0.2902,0.29,0.291,0.29,7700.0,0.29
2019-05-06 09:33:00-04:00,0.293,0.293,0.293,0.293,119.0,0.293
2019-05-06 09:34:00-04:00,0.2901,0.29,0.2901,0.29,908.0,0.29
2019-05-06 09:35:00-04:00,0.2901,0.2901,0.2901,0.2901,207.0,0.2901
2019-05-06 09:36:00-04:00,0.2901,0.2901,0.2901,0.2901,100.0,0.2901
2019-05-06 09:37:00-04:00,0.29,0.29,0.2901,0.2901,7425.0,0.2901
2019-05-06 09:38:00-04:00,0.2901,0.2901,0.2901,0.2901,1500.0,0.2901
2019-05-06 09:39:00-04:00,0.29,0.29,0.29,0.29,3241.0,0.29
2019-05-06 09:40:00-04:00,0.2901,0.2901,0.2901,0.2901,1320.0,0.2901
2019-05-06 09:42:00-04:00,0.2901,0.2901,0.2901,0.2901,910.0,0.2901
2019-05-06 09:43:00-04:00,0.29,0.29,0.29,0.29,650.0,0.29
2019-05-06 09:46:00-04:00,0.2901,0.2901,0.2901,0.2901,1000.0,0.2901
2019-05-06 09:47:00-04:00,0.2901,0.2901,0.2901,0.2901,120.0,0.2901
2019-05-06 09:48:00-04:00,0.29,0.29,0.29,0.29,100.0,0.29
2019-05-06 09:51:00-04:00,0.2901,0.2901,0.2901,0.2901,2060.0,0.2901
2019-05-06 09:52:00-04:00,0.2901,0.2901,0.2901,0.2901,802.0,0.2901
2019-05-06 09:57:00-04:00,0.2901,0.29,0.2901,0.2901,3153.0,0.2901
2019-05-06 10:03:00-04:00,0.2901,0.29,0.2901,0.29,708.0,0.29
2019-05-06 10:04:00-04:00,0.2901,0.2901,0.2901,0.2901,5000.0,0.2901
2019-05-06 10:05:00-04:00,0.29,0.282,0.29,0.2897,6317.0,0.2897
2019-05-06 10:07:00-04:00,0.2849,0.28,0.285,0.28,38247.0,0.28
2019-05-06 10:08:00-04:00,0.2853,0.2853,0.2853,0.2853,600.0,0.2853
2019-05-06 10:09:00-04:00,0.2851,0.2851,0.2854,0.2854,3150.0,0.2854
2019-05-06 10:10:00-04:00,0.288,0.288,0.2901,0.29,16809.0,0.29
2019-05-06 10:11:00-04:00,0.2909,0.2909,0.3,0.3,31409.0,0.3
2019-05-06 10:14:00-04:00,0.3,0.3,0.3,0.3,1526.0,0.3
2019-05-06 10:15:00-04:00,0.3,0.2999,0.3,0.3,20834.0,0.3
2019-05-06 10:17:00-04:00,0.295,0.295,0.295,0.295,600.0,0.295
2019-05-06 10:19:00-04:00,0.3,0.3,0.3,0.3,100.0,0.3
2019-05-06 10:22:00-04:00,0.3,0.2952,0.3,0.2952,4750.0,0.2952
2019-05-06 10:23:00-04:00,0.2951,0.2951,0.2951,0.2951,170.0,0.2951
2019-05-06 10:27:00-04:00,0.2999,0.2999,0.3,0.3,10493.0,0.3
2019-05-06 10:28:00-04:00,0.2961,0.2961,0.2961,0.2961,708.0,0.2961
2019-05-06 10:30:00-04:00,0.3,0.3,0.3,0.3,200.0,0.3
2019-05-06 10:31:00-04:00,0.2986,0.2986,0.2986,0.2986,600.0,0.2986
2019-05-06 10:34:00-04:00,0.3,0.2875,0.3,0.2875,593.0,0.2875
2019-05-06 10:35:00-04:00,0.2899,0.2899,0.2899,0.2899,397.0,0.2899
2019-05-06 10:36:00-04:00,0.2876,0.2876,0.2905,0.29,18590.0,0.29
2019-05-06 10:41:00-04:00,0.3,0.3,0.3,0.3,100.0,0.3
2019-05-06 10:45:00-04:00,0.2911,0.2911,0.2911,0.2911,100.0,0.2911
2019-05-06 10:46:00-04:00,0.3,0.3,0.3,0.3,200.0,0.3
2019-05-06 10:49:00-04:00,0.3,0.3,0.3,0.3,100.0,0.3
2019-05-06 10:50:00-04:00,0.3,0.2915,0.3,0.2915,200.0,0.2915
2019-05-06 10:52:00-04:00,0.2913,0.2913,0.2915,0.2915,12350.0,0.2915
2019-05-06 10:53:00-04:00,0.2917,0.2875,0.2917,0.2913,13630.0,0.2913
2019-05-06 10:55:00-04:00,0.2915,0.2915,0.2915,0.2915,169.0,0.2915
2019-05-06 11:04:00-04:00,0.2926,0.2926,0.2926,0.2926,600.0,0.2926
2019-05-06 11:06:00-04:00,0.2999,0.2999,0.2999,0.2999,100.0,0.2999
2019-05-06 11:08:00-04:00,0.2926,0.2926,0.2926,0.2926,200.0,0.2926
2019-05-06 11:09:00-04:00,0.2927,0.2927,0.2927,0.2927,100.0,0.2927
2019-05-06 11:12:00-04:00,0.2999,0.2999,0.2999,0.2999,100.0,0.2999
2019-05-06 11:13:00-04:00,0.2927,0.2927,0.2927,0.2927,662.0,0.2927
2019-05-06 11:22:00-04:00,0.2998,0.2998,0.2998,0.2998,750.0,0.2998
2019-05-06 11:23:00-04:00,0.2997,0.2997,0.2997,0.2997,400.0,0.2997
2019-05-06 11:25:00-04:00,0.2997,0.2927,0.2997,0.2927,3873.0,0.2927
2019-05-06 11:27:00-04:00,0.2962,0.2928,0.2962,0.2928,12282.0,0.2928
2019-05-06 11:30:00-04:00,0.2933,0.2933,0.2933,0.2933,101.0,0.2933
2019-05-06 11:34:00-04:00,0.2961,0.2961,0.2961,0.2961,400.0,0.2961
2019-05-06 11:35:00-04:00,0.2928,0.2928,0.2928,0.2928,100.0,0.2928
2019-05-06 11:36:00-04:00,0.2928,0.2928,0.2982,0.2982,633.0,0.2982
2019-05-06 11:37:00-04:00,0.2991,0.2991,0.2997,0.2997,200.0,0.2997
2019-05-06 11:38:00-04:00,0.293,0.293,0.293,0.293,350.0,0.293
2019-05-06 11:40:00-04:00,0.293,0.293,0.293,0.293,107.0,0.293
2019-05-06 11:41:00-04:00,0.293,0.293,0.293,0.293,611.0,0.293
2019-05-06 11:42:00-04:00,0.2931,0.2931,0.2944,0.2934,300.0,0.2934
2019-05-06 11:43:00-04:00,0.2934,0.2934,0.2934,0.2934,670.0,0.2934
2019-05-06 11:44:00-04:00,0.2934,0.2934,0.2934,0.2934,100.0,0.2934
2019-05-06 11:46:00-04:00,0.2934,0.2934,0.2934,0.2934,620.0,0.2934
2019-05-06 11:53:00-04:00,0.2934,0.2934,0.2934,0.2934,300.0,0.2934
2019-05-06 11:54:00-04:00,0.2934,0.2934,0.2934,0.2934,100.0,0.2934
2019-05-06 11:55:00-04:00,0.2934,0.2934,0.2934,0.2934,100.0,0.2934
2019-05-06 11:57:00-04:00,0.2934,0.2934,0.2934,0.2934,2050.0,0.2934
2019-05-06 12:01:00-04:00,0.2933,0.2933,0.2933,0.2933,2000.0,0.2933
2019-05-06 12:03:00-04:00,0.2931,0.2931,0.2931,0.2931,0.0,0.2931
2019-05-06 12:06:00-04:00,0.293,0.293,0.293,0.293,278481.0,0.293
2019-05-06 12:07:00-04:00,0.292,0.2852,0.292,0.2852,6105.0,0.2852
2019-05-06 12:08:00-04:00,0.2852,0.2852,0.2852,0.2852,500.0,0.2852
2019-05-06 12:11:00-04:00,0.2935,0.2935,0.2935,0.2935,235.0,0.2935
2019-05-06 12:14:00-04:00,0.2935,0.2935,0.2935,0.2935,108.0,0.2935
2019-05-06 12:15:00-04:00,0.2877,0.2876,0.2877,0.2876,1200.0,0.2876
2019-05-06 12:16:00-04:00,0.295,0.295,0.295,0.295,1000.0,0.295
2019-05-06 12:17:00-04:00,0.2935,0.2935,0.2935,0.2935,253.0,0.2935
2019-05-06 12:18:00-04:00,0.295,0.2876,0.295,0.2876,600.0,0.2876
2019-05-06 12:19:00-04:00,0.2902,0.2902,0.2902,0.2902,349.0,0.2902
2019-05-06 12:22:00-04:00,0.295,0.2901,0.295,0.2901,700.0,0.2901
2019-05-06 12:23:00-04:00,0.295,0.295,0.295,0.295,100.0,0.295
2019-05-06 12:24:00-04:00,0.2902,0.2902,0.2902,0.2902,210.0,0.2902
2019-05-06 12:29:00-04:00,0.2902,0.2902,0.2902,0.2902,200.0,0.2902
2019-05-06 12:30:00-04:00,0.2902,0.2902,0.2902,0.2902,100.0,0.2902
2019-05-06 12:31:00-04:00,0.2929,0.2929,0.295,0.2943,1946.0,0.2943
2019-05-06 12:33:00-04:00,0.295,0.295,0.295,0.295,300.0,0.295
2019-05-06 12:34:00-04:00,0.295,0.295,0.295,0.295,100.0,0.295
2019-05-06 12:35:00-04:00,0.2949,0.293,0.2949,0.293,600.0,0.293
2019-05-06 12:36:00-04:00,0.295,0.295,0.295,0.295,200.0,0.295
2019-05-06 12:37:00-04:00,0.2931,0.2931,0.2931,0.2931,3220.0,0.2931
2019-05-06 12:39:00-04:00,0.295,0.295,0.295,0.295,100.0,0.295
2019-05-06 12:44:00-04:00,0.293,0.293,0.293,0.293,500.0,0.293
2019-05-06 12:45:00-04:00,0.293,0.293,0.293,0.293,112.0,0.293
2019-05-06 12:51:00-04:00,0.295,0.295,0.295,0.295,100.0,0.295
2019-05-06 12:52:00-04:00,0.2949,0.2949,0.295,0.295,400.0,0.295
2019-05-06 12:54:00-04:00,0.2949,0.2949,0.2949,0.2949,650.0,0.2949
2019-05-06 12:56:00-04:00,0.2949,0.2949,0.295,0.295,551.0,0.295
2019-05-06 12:58:00-04:00,0.2955,0.2955,0.2955,0.2955,5100.0,0.2955
2019-05-06 13:05:00-04:00,0.295,0.295,0.295,0.295,200.0,0.295
2019-05-06 13:12:00-04:00,0.2921,0.2921,0.2921,0.2921,100.0,0.2921
2019-05-06 13:15:00-04:00,0.295,0.295,0.295,0.295,100.0,0.295
2019-05-06 13:16:00-04:00,0.295,0.295,0.295,0.295,100.0,0.295
2019-05-06 13:18:00-04:00,0.2922,0.2922,0.2922,0.2922,100.0,0.2922
2019-05-06 13:21:00-04:00,0.2936,0.2936,0.295,0.295,1100.0,0.295
2019-05-06 13:23:00-04:00,0.295,0.295,0.295,0.295,200.0,0.295
2019-05-06 13:26:00-04:00,0.295,0.295,0.295,0.295,100.0,0.295
2019-05-06 13:27:00-04:00,0.295,0.295,0.295,0.295,100.0,0.295
2019-05-06 13:28:00-04:00,0.295,0.295,0.295,0.295,100.0,0.295
2019-05-06 13:29:00-04:00,0.2937,0.2937,0.2937,0.2937,250.0,0.2937
2019-05-06 13:30:00-04:00,0.295,0.295,0.295,0.295,327.0,0.295
2019-05-06 13:35:00-04:00,0.295,0.295,0.295,0.295,300.0,0.295
2019-05-06 13:38:00-04:00,0.2922,0.2922,0.2922,0.2922,100.0,0.2922
2019-05-06 13:42:00-04:00,0.2922,0.2922,0.2922,0.2922,15000.0,0.2922
2019-05-06 13:44:00-04:00,0.2936,0.2903,0.2936,0.2903,23200.0,0.2903
2019-05-06 13:45:00-04:00,0.2911,0.2902,0.292,0.292,15700.0,0.292
2019-05-06 13:46:00-04:00,0.2902,0.286,0.2902,0.286,18258.0,0.286
2019-05-06 13:48:00-04:00,0.2854,0.2854,0.292,0.292,8901.0,0.292
2019-05-06 13:51:00-04:00,0.2864,0.2854,0.2864,0.2862,598.0,0.2862
2019-05-06 13:53:00-04:00,0.2861,0.2861,0.2861,0.2861,100.0,0.2861
2019-05-06 13:54:00-04:00,0.2902,0.2902,0.2902,0.2902,100.0,0.2902
2019-05-06 13:56:00-04:00,0.2919,0.2866,0.2919,0.2866,700.0,0.2866
2019-05-06 13:57:00-04:00,0.2919,0.2919,0.292,0.292,1400.0,0.292
2019-05-06 13:58:00-04:00,0.2867,0.2867,0.2867,0.2867,2543.0,0.2867
2019-05-06 14:00:00-04:00,0.2867,0.2867,0.2867,0.2867,1405.0,0.2867
2019-05-06 14:03:00-04:00,0.2901,0.29,0.2901,0.29,2500.0,0.29
2019-05-06 14:05:00-04:00,0.2868,0.2852,0.2868,0.2853,17407.0,0.2853
2019-05-06 14:06:00-04:00,0.2852,0.285,0.2853,0.2851,8369.0,0.2851
2019-05-06 14:07:00-04:00,0.2852,0.2852,0.2869,0.2869,13000.0,0.2869
2019-05-06 14:08:00-04:00,0.287,0.287,0.287,0.287,3000.0,0.287
2019-05-06 14:10:00-04:00,0.2871,0.2871,0.2871,0.2871,1200.0,0.2871
2019-05-06 14:11:00-04:00,0.2871,0.2871,0.2873,0.2873,810.0,0.2873
2019-05-06 14:13:00-04:00,0.2897,0.2897,0.2897,0.2897,100.0,0.2897
2019-05-06 14:14:00-04:00,0.2872,0.2872,0.2897,0.2897,300.0,0.2897
2019-05-06 14:16:00-04:00,0.2875,0.2875,0.2875,0.2875,1000.0,0.2875
2019-05-06 14:18:00-04:00,0.2875,0.2875,0.2875,0.2875,600.0,0.2875
2019-05-06 14:22:00-04:00,0.2897,0.2895,0.2897,0.2895,699.0,0.2895
2019-05-06 14:24:00-04:00,0.2897,0.2897,0.2897,0.2897,200.0,0.2897
2019-05-06 14:26:00-04:00,0.2891,0.2891,0.2891,0.2891,110.0,0.2891
2019-05-06 14:30:00-04:00,0.2897,0.2875,0.2897,0.2875,405.0,0.2875
2019-05-06 14:31:00-04:00,0.2897,0.2897,0.2897,0.2897,10100.0,0.2897
2019-05-06 14:33:00-04:00,0.2878,0.2877,0.288,0.288,884.0,0.288
2019-05-06 14:34:00-04:00,0.2876,0.2876,0.2876,0.2876,100.0,0.2876
2019-05-06 14:35:00-04:00,0.2876,0.2875,0.2876,0.2875,2750.0,0.2875
2019-05-06 14:36:00-04:00,0.2877,0.2872,0.2877,0.2875,4000.0,0.2875
2019-05-06 14:37:00-04:00,0.2897,0.2897,0.2897,0.2897,100.0,0.2897
2019-05-06 14:39:00-04:00,0.2897,0.2897,0.2897,0.2897,208.0,0.2897
2019-05-06 14:41:00-04:00,0.2874,0.2872,0.2896,0.2896,773.0,0.2896
2019-05-06 14:42:00-04:00,0.2897,0.2897,0.2897,0.2897,100.0,0.2897
2019-05-06 14:44:00-04:00,0.2896,0.2885,0.2896,0.2885,230.0,0.2885
2019-05-06 14:45:00-04:00,0.2896,0.2896,0.2896,0.2896,225.0,0.2896
2019-05-06 14:46:00-04:00,0.2897,0.2897,0.2897,0.2897,100.0,0.2897
2019-05-06 14:48:00-04:00,0.2874,0.2873,0.2897,0.2897,3318.0,0.2897
2019-05-06 14:49:00-04:00,0.2898,0.2898,0.2898,0.2898,200.0,0.2898
2019-05-06 14:52:00-04:00,0.2899,0.2899,0.2899,0.2899,100.0,0.2899
2019-05-06 14:56:00-04:00,0.29,0.29,0.2901,0.2901,13052.0,0.2901
2019-05-06 15:03:00-04:00,0.29,0.29,0.29,0.29,5904.0,0.29
2019-05-06 15:13:00-04:00,0.2872,0.2872,0.2873,0.2872,700.0,0.2872
2019-05-06 15:14:00-04:00,0.2873,0.2873,0.2873,0.2873,200.0,0.2873
2019-05-06 15:16:00-04:00,0.2873,0.2873,0.2873,0.2873,277.0,0.2873
2019-05-06 15:17:00-04:00,0.2872,0.2872,0.2872,0.2872,523.0,0.2872
2019-05-06 15:18:00-04:00,0.2873,0.2873,0.2873,0.2873,722.0,0.2873
2019-05-06 15:19:00-04:00,0.2873,0.2873,0.2873,0.2873,5000.0,0.2873
2019-05-06 15:22:00-04:00,0.2872,0.2872,0.2872,0.2872,100.0,0.2872
2019-05-06 15:24:00-04:00,0.2872,0.2872,0.2872,0.2872,620.0,0.2872
2019-05-06 15:27:00-04:00,0.2873,0.2873,0.2873,0.2873,108.0,0.2873
2019-05-06 15:28:00-04:00,0.2873,0.2873,0.2873,0.2873,1649.0,0.2873
2019-05-06 15:30:00-04:00,0.2873,0.2873,0.2873,0.2873,3008.0,0.2873
2019-05-06 15:31:00-04:00,0.2872,0.2871,0.2872,0.2871,2816.0,0.2871
2019-05-06 15:32:00-04:00,0.2871,0.2871,0.2871,0.2871,356.0,0.2871
2019-05-06 15:34:00-04:00,0.2871,0.287,0.2871,0.287,469.0,0.287
2019-05-06 15:35:00-04:00,0.287,0.287,0.2871,0.2871,5781.0,0.2871
2019-05-06 15:36:00-04:00,0.287,0.287,0.287,0.287,319.0,0.287
2019-05-06 15:37:00-04:00,0.287,0.287,0.287,0.287,500.0,0.287
2019-05-06 15:38:00-04:00,0.287,0.2855,0.287,0.2855,5908.0,0.2855
2019-05-06 15:39:00-04:00,0.285,0.285,0.2851,0.285,500.0,0.285
2019-05-06 15:40:00-04:00,0.285,0.285,0.285,0.285,6692.0,0.285
2019-05-06 15:41:00-04:00,0.285,0.281,0.285,0.281,15800.0,0.281
2019-05-06 15:42:00-04:00,0.2811,0.281,0.2811,0.281,4000.0,0.281
2019-05-06 15:43:00-04:00,0.281,0.281,0.281,0.281,1800.0,0.281
2019-05-06 15:44:00-04:00,0.281,0.281,0.2811,0.2811,6488.0,0.2811
2019-05-06 15:45:00-04:00,0.281,0.281,0.281,0.281,112.0,0.281
2019-05-06 15:46:00-04:00,0.281,0.2803,0.281,0.281,14224.0,0.281
2019-05-06 15:47:00-04:00,0.281,0.281,0.281,0.281,1400.0,0.281
2019-05-06 15:48:00-04:00,0.2811,0.281,0.2811,0.281,30201.0,0.281
2019-05-06 15:50:00-04:00,0.2811,0.2811,0.2811,0.2811,382.0,0.2811
2019-05-06 15:51:00-04:00,0.281,0.281,0.281,0.281,200.0,0.281
2019-05-06 15:52:00-04:00,0.281,0.281,0.281,0.281,199.0,0.281
2019-05-06 15:53:00-04:00,0.281,0.281,0.281,0.281,1000.0,0.281
2019-05-06 15:54:00-04:00,0.281,0.281,0.2811,0.281,5973.0,0.281
2019-05-06 15:55:00-04:00,0.2811,0.281,0.2811,0.281,18349.0,0.281
2019-05-06 15:56:00-04:00,0.281,0.28,0.2811,0.28,11328.0,0.28
2019-05-06 15:57:00-04:00,0.28,0.28,0.2801,0.28,13845.0,0.28
2019-05-06 15:58:00-04:00,0.28,0.28,0.2811,0.2811,25037.0,0.2811
2019-05-06 15:59:00-04:00,0.2812,0.2812,0.2831,0.283,5475.0,0.283
